# kind, identity, ABI version, trust boundary, validation/effect contract, stable source witness, and tests (tab-separated; 14 fields).
stage	image-container-parse	format-v2	file-length-after-read	raw-image-bytes	magic;header-size;section-range;alignment;record-width before section slicing	image-admission	validated-TlciImage-or-error	parse-error;no-map	tlci-parse-image	loader-call	src/tlci_core.tl:tlci-parse-image	tlci-core:parse-round-trip	tlci-core:parse-rejections
stage	metadata-identity	metadata-v2	parsed-metadata-shape	metadata bytes;producer identity	metadata grammar;producer identity syntax before code-bearing admission	compiler-identity	admitted-metadata-or-rejection	identity-mismatch;no-map	tlci-producer-identity-admit	loader-call	src/tlci_core.tl:tlci-producer-identity-admit	tlci-core:producer-identity-admission	tlci-core:producer-identity-rejections
stage	package-source-binding	aux-v1	current-source digest	aux directory and claimed digest	aux bounds;schema;digest equality before native route	package-identity	matching-source-digest-or-fallback	mismatch-or-malformed;no-native-route	tlci-package-source-binding-admit	dependency-loader	src/tlci_core.tl:tlci-package-source-binding-admit	tlci-core:package-source-binding-admission	tlci-core:aux-corruption-rejected
stage	host-platform-admission	format-v2	build host platform	image platform and code-bearing classification	known platform;metadata-only exception;exact build-host match before mapping	platform-admission	code-bearing-or-metadata-only classification	platform-mismatch;no-map	tlci-image-admit-host	loader-call	src/tlci_core.tl:tlci-image-admit-host	tlci-core:host-platform-admission	tlci-loader:platform-admission-rejections
stage	host-callback-table	callback-v2	compiler-owned callback catalog	callback table header;names;addresses;count	magic;version;size;reserved-zero;nonzero abort;array bounds;unique nonempty names;nonzero bindings	callback-admission	validated-host-table-or-error	ABI-error;no-map	tlci-validate-host-callback-table	loader-call	src/tlci_core.tl:tlci-validate-host-callback-table	tlci-core:host-abi-layout	tlci-core:host-abi-rejections
stage	entry-symbol-resolution	callback-v2	validated image sections	entry records and symbol bytes	entry record width;symbol range;code offset;exact unique tlci_image_entry before mapping	entry-resolution	validated-code-offset-or-error	missing-or-duplicate-entry;no-map	tlci-loader-find-entry-code-offset	loader-call	src/tlci_loader.tl:tlci-loader-find-entry-code-offset	tlci-loader:loads-and-fixes-up	tlci-loader:entry-rejections
stage	fixup-validation	format-v2	validated section extents	fixup records and target slots	record width;slot alignment;slot inside mapped sections before allocation	memory-relocation	validated-fixups-or-error	bad-fixup;no-map	tlci-loader-validate-fixups	loader-call	src/tlci_loader.tl:tlci-loader-validate-fixups	tlci-loader:loads-and-fixes-up	tlci-loader:fixup-rejections
stage	import-validation	callback-v2	validated section extents	import records;symbol ranges;GOT slots	record width;name range;slot alignment;slot in writable mapping before allocation	callback-import	validated-imports-or-error	bad-import;no-map	tlci-loader-validate-imports	loader-call	src/tlci_loader.tl:tlci-loader-validate-imports	tlci-loader:named-imports	tlci-loader:import-rejections
stage	page-reservation	platform	validated total mapped length	requested mapping length	positive page-rounded length;OS allocation result before copy	memory-map	writable-nonexecuting-region-or-error	allocation-error;no-execution	tlci-pages-allocate-rw	loader-call	src/tlci_pages.tl:tlci-pages-allocate-rw	tlci-pages:data-map-non-executable	tlci-pages:map-failure
stage	section-copy	format-v2	owned writable page region	validated section bytes	copy only while writable;source length <= destination region	memory-map	copied-writable-region-or-error	copy-error;release-region	tlci-pages-copy-from-array!	loader-call	src/tlci_pages.tl:tlci-pages-copy-from-array!	tlci-pages:code-map-rx	tlci-pages:copy-after-protect-rejected
stage	fixup-application	format-v2	validated fixup records	mapped slot contents	apply only after all fixups validate and while mapping writable	memory-relocation	rebased-slot-values	validation failure precedes mutation	tlci-loader-apply-fixups!	loader-call	src/tlci_loader.tl:tlci-loader-apply-fixups!	tlci-loader:loads-and-fixes-up	tlci-loader:fixup-rejections
stage	callback-import-binding	callback-v2	validated unique host catalog	image-requested callback names	resolve exact stable name to nonzero address;write GOT only while writable	callback-import	bound-GOT-slot	missing-name;release-region	tlci-loader-bind-imports!	loader-call	src/tlci_loader.tl:tlci-loader-bind-imports!	tlci-loader:named-imports	tlci-loader:missing-import
stage	rodata-protection	platform	validated mapped rodata range	OS protection transition	range-contained;page protection succeeds before invocation	memory-protection	read-only-data-region	protection-error;release-region	tlci-loader-protect-rodata	loader-call	src/tlci_loader.tl:tlci-loader-protect-rodata	tlci-pages:data-map-non-executable	tlci-pages:data-protection-failure
stage	code-protection	platform	validated mapped code range	OS protection transition	range-contained;RX transition succeeds;post-transition writes rejected before invocation	memory-protection	read-execute-code-region	protection-error;release-region	tlci-loader-protect-code	loader-call	src/tlci_loader.tl:tlci-loader-protect-code	tlci-pages:code-map-rx	tlci-pages:copy-after-protect-rejected
stage	instruction-cache-coherence	x86-64	fully written code mapping	new instruction bytes	architecture has coherent instruction/data caches;RX protection transition completes before first call	native-execution	instruction-stream-visible-after-RX-transition	protection-error;release-region	tlci-loader-protect-code	loader-call	src/tlci_loader.tl:tlci-loader-protect-code	tlci-loader:loads-and-fixes-up	tlci-loader:protection-rejections
stage	image-entry-invoke	callback-v2	validated RX entry address	native entry status and registration bytes	entry inside code;host table stable storage;registration storage zeroed before raw call	native-execution	status+registration-record	nonzero-status;release-region	tlci-loader-call-image-entry-raw	loader-call	src/tlci_loader.tl:tlci-loader-call-image-entry-raw	tlci-loader:registration-success	tlci-loader:registration-status-rejections
stage	registration-validation	callback-v2	loader-owned registration buffer	image-written registration fields	magic;version;size;reserved-zero;table/count coherence before commit	image-registration	validated-registration-or-error	ABI-error;release-region	tlci-validate-image-registration	loader-call	src/tlci_core.tl:tlci-validate-image-registration	tlci-loader:registration-success	tlci-loader:registration-rejections
stage	macro-entry-validation	callback-v2	validated mapped image range	image-owned entry table;names;function addresses	count/table coherence;alignment;every name range;every function in RX code;unique names before indexing	macro-catalog	owned-indexed-macro-catalog	malformed-entry;release-region	tlci-loader-validate-macro-entries	loader-call	src/tlci_loader.tl:tlci-loader-validate-macro-entries	tlci-loader:macro-entry-validation	tlci-loader:macro-entry-rejections
stage	macro-entry-invoke	callback-v2	resolved generation-bound macro handle	session cookie;operand table;fuel;native status	mapping generation;entry state;function address in code;result storage initialized before raw call	native-execution	dispatch-status+result-word	status-or-invalid-handle;no-result-commit	tlci-loader-dispatch-resolved-macro	compiler-ctfe-route	src/tlci_loader.tl:tlci-loader-dispatch-resolved-macro	verify-embedded-stdlib-tlci:native-dispatch	comptime-host-smoke:foreign-and-invalid-handles
stage	result-commit	callback-v2	active compiler session and typed value stack	commit request and stack top	session cookie;first-failure latch;nonempty stack;not previously committed before result-slot write	result-commit	single compiler-owned result value	bad-request-or-latched-status;no-partial-result	compiler-comptime-host-callback-commit-result	native-image	src/compiler_embedded_stdlib_tlci.tl:compiler-comptime-host-callback-commit-result	verify-embedded-stdlib-tlci:result-shape	verify-embedded-stdlib-tlci:bad-operand-or-fuel
stage	mapping-release	platform	loader-owned mapping descriptor	release request	nonzero region;single ownership path;all failure branches release before returning	memory-teardown	unmapped-region-or-error	tlci-page-release-error	tlci-loader-release	loader-owner	src/tlci_loader.tl:tlci-loader-release	tlci-pages:release-ok	tlci-loader:failure-cleanup
stage	failure-cleanup	platform	loader-owned pre-commit mapping	any validation;binding;protection;registration failure	every post-allocation error branch releases the exact mapping before returning;no loaded handle escapes	memory-teardown	error-with-no-live-mapping	original-error-or-release-error	tlci-loader-load-mapped-region	loader-owner	src/tlci_loader.tl:tlci-loader-load-mapped-region	tlci-loader:loads-and-fixes-up	tlci-loader:failure-cleanup
