# identity	declared-params	shape	result	fixture	native-status	fuel	comparison
stdlib.clone/clone-fixed-array	6	variadic	expr	tests/integration/explicit_clone_generation.tl	ok	default	assembly
stdlib.clone/clone-tuple	6	variadic	expr	tests/integration/explicit_clone_generation.tl	ok	default	assembly
stdlib.clone/clone-nominal-value	4	fixed	expr	tests/integration/explicit_clone_generation.tl	ok	default	assembly
stdlib.clone/clone-value	4	fixed	expr	tests/integration/explicit_clone_generation.tl	ok	default	assembly
stdlib.clone/clone-struct-root	2	fixed	expr	tests/integration/explicit_clone_generation.tl	ok	default	assembly
stdlib.clone/clone-enum-root	2	fixed	expr	tests/integration/explicit_clone_generation.tl	ok	default	assembly
stdlib.clone/gen-clone	1	fixed	decls	tests/integration/explicit_clone_generation.tl	ok	default	assembly
stdlib.clone/synthesize-helpers	1	variadic	decls	tests/integration/clone_deep_copy.tl	ok	default	assembly
stdlib.core_macros/__tl-compiler-owned-shared-view-dyn-ref-as	2	fixed	expr	tests/integration/tlci_identity_owned_views.tl	ok	default	assembly
stdlib.core_macros/__tl-project-field	2	fixed	expr	tests/integration/tlci_native_index_folds.tl	ok	default	assembly
stdlib.core_macros/__tl-project-set-field	3	fixed	expr	tests/integration/tlci_identity_public_gaps.tl	ok	default	assembly
stdlib.core_macros/__tl-project-field-name	2	fixed	expr	tests/integration/generated_hashmap_global_mutation.tl	ok	default	assembly
stdlib.core_macros/__tl-project-set-field-name	3	fixed	expr	tests/integration/generated_hashmap_global_mutation.tl	ok	default	assembly
stdlib.core_macros/__tl-box-place	1	fixed	expr	tests/integration/stdlib_serialize_json.tl	ok	default	assembly
stdlib.core_macros/and	1	variadic	expr	tests/integration/stdlib_serialize_json.tl	ok	default	assembly
stdlib.core_macros/or	1	variadic	expr	tests/integration/stdlib_serialize_json.tl	ok	default	assembly
stdlib.core_macros/when	2	variadic	expr	tests/integration/stdlib_serialize_json.tl	ok	default	assembly
stdlib.core_macros/unless	2	variadic	expr	tests/integration/stdlib_serialize_json.tl	ok	default	assembly
stdlib.core_macros/cond	1	variadic	expr	tests/integration/stdlib_serialize_json.tl	ok	default	assembly
stdlib.core_macros/for	2	variadic	expr	tests/integration/for_macro.tl	ok	default	assembly
stdlib.dense_list/compiler-dense-list-operations	7	variadic	decls	tests/integration/dense_list_generated.tl	ok	default	assembly
stdlib.eq/eq-shared-view	1	fixed	expr	tests/integration/stdlib_eq_aggregate.tl	ok	default	assembly
stdlib.eq/struct-eq-fields	4	fixed	expr	tests/integration/stdlib_hash_generated.tl	ok	default	assembly
stdlib.eq/tuple-eq-elements	4	fixed	expr	tests/integration/stdlib_eq_aggregate.tl	ok	default	assembly
stdlib.eq/inline-fixed-array-eq	4	fixed	expr	tests/integration/stdlib_eq_aggregate.tl	ok	default	assembly
stdlib.eq/inline-eq	3	fixed	expr	tests/integration/stdlib_hash_generated.tl	ok	default	assembly
stdlib.eq/enum-eq-payloads	3	fixed	expr	tests/integration/stdlib_hash_generated.tl	ok	default	assembly
stdlib.eq/enum-eq-dispatch	4	fixed	expr	tests/integration/stdlib_hash_generated.tl	ok	default	assembly
stdlib.eq/eq	1	fixed	module	tests/integration/stdlib_eq_aggregate.tl	ok	default	assembly
stdlib.fs/path-join-many	1	variadic	expr	tests/integration/tlci_native_index_folds.tl	ok	default	assembly
stdlib.fs/path-join-fold	3	fixed	expr	tests/integration/tlci_native_index_folds.tl	ok	default	assembly
stdlib.format/format-value-resolved	14	fixed	expr	tests/integration/format_arguments.tl	ok	default	assembly
stdlib.format/format-classified-call	16	fixed	expr	tests/integration/format_arguments.tl	ok	default	assembly
stdlib.format/format-classify-precision	15	fixed	expr	tests/integration/format_arguments.tl	ok	default	assembly
stdlib.format/format-classify-width	14	fixed	expr	tests/integration/format_arguments.tl	ok	default	assembly
stdlib.format/format-classify-value	13	fixed	expr	tests/integration/format_arguments.tl	ok	default	assembly
stdlib.format/format-value	11	fixed	expr	tests/integration/tlci_native_format_scanner.tl	ok	default	assembly
stdlib.format/format-direct-hook-call-at!	4	fixed	expr	tests/integration/format_arguments.tl	ok	default	assembly
stdlib.format/format-direct-hook-materialize	3	fixed	expr	tests/integration/format_arguments.tl	ok	default	assembly
stdlib.format/format-stream-value-at-resolved!	15	fixed	expr	tests/integration/format_arguments.tl	ok	default	assembly
stdlib.format/format-stream-direct-owner-at-resolved!	3	fixed	expr	tests/integration/format_arguments.tl	ok	default	assembly
stdlib.format/format-stream-value-at-default-resolved!	15	fixed	expr	tests/integration/format_arguments.tl	ok	default	assembly
stdlib.format/format-stream-value-at!	12	fixed	expr	tests/integration/format_writer_sinks.tl	ok	default	assembly
stdlib.format/named	2	fixed	expr	tests/integration/tlci_native_format_scanner.tl	ok	default	assembly
stdlib.format/format-expand-call	9	fixed	expr	tests/integration/tlci_native_format_scanner.tl	ok	default	assembly
stdlib.format/format-expand-mode-call	10	fixed	expr	tests/integration/format_writer_sinks.tl	ok	default	assembly
stdlib.format/format-expand	8	fixed	expr	tests/integration/tlci_native_format_scanner.tl	ok	default	assembly
stdlib.format/format-expand-mode-complete	8	fixed	expr	tests/integration/format_arguments.tl	ok	default	assembly
stdlib.format/format-expand-mode	9	fixed	expr	tests/integration/format_writer_sinks.tl	ok	default	assembly
stdlib.format/format-parse	4	fixed	expr	tests/integration/format_writer_sinks.tl	ok	default	assembly
stdlib.format/format-expand-materialized-start	3	fixed	expr	tests/integration/tlci_native_format_scanner.tl	ok	default	assembly
stdlib.format/format-expand-stream-start	3	fixed	expr	tests/integration/format_writer_sinks.tl	ok	default	assembly
stdlib.format/format-arguments-package	5	fixed	expr	tests/integration/format_arguments.tl	ok	default	assembly
stdlib.format/format-expand-arguments-finish	5	fixed	expr	tests/integration/format_arguments.tl	ok	default	assembly
stdlib.format/format-expand-arguments-start	3	fixed	expr	tests/integration/format_arguments.tl	ok	default	assembly
stdlib.format/format-arguments-render-at-resolved!	4	fixed	expr	tests/integration/format_arguments.tl	ok	default	assembly
stdlib.format/format-arguments-render-at!	2	fixed	expr	tests/integration/format_arguments.tl	ok	default	assembly
stdlib.format/format-arguments-materialize	1	fixed	expr	tests/integration/format_arguments.tl	ok	default	assembly
stdlib.format/format-write-callback-dispatch	5	fixed	expr	tests/integration/format_arguments.tl	ok	default	assembly
stdlib.format/args	2	variadic	expr	tests/integration/format_arguments.tl	ok	default	assembly
stdlib.format/format	2	variadic	expr	tests/integration/tlci_native_format_scanner.tl	ok	default	assembly
stdlib.format/format-write-literal-callback	5	fixed	expr	tests/integration/format_writer_sinks.tl	ok	default	assembly
stdlib.format/format-write-expand	4	fixed	expr	tests/integration/format_writer_sinks.tl	ok	default	assembly
stdlib.format/write!	3	variadic	expr	tests/integration/format_writer_sinks.tl	ok	default	assembly
stdlib.format/writeln!	3	variadic	expr	tests/integration/format_writer_sinks.tl	ok	default	assembly
stdlib.hash/hash-shared-view	1	fixed	expr	tests/integration/stdlib_hash_generated.tl	ok	default	assembly
stdlib.hash/hash-array-shared-view	2	fixed	expr	tests/integration/stdlib_hash_generated.tl	ok	default	assembly
stdlib.hash/inline-hash	2	fixed	expr	tests/integration/stdlib_hash_generated.tl	ok	default	assembly
stdlib.hash/struct-hash-fields	4	fixed	expr	tests/integration/stdlib_hash_generated.tl	ok	default	assembly
stdlib.hash/tuple-hash-elements	4	fixed	expr	tests/integration/stdlib_hash_generated.tl	ok	default	assembly
stdlib.hash/inline-fixed-array-hash	3	fixed	expr	tests/integration/stdlib_hash_generated.tl	ok	default	assembly
stdlib.hash/enum-hash-payloads	5	fixed	expr	tests/integration/stdlib_hash_generated.tl	ok	default	assembly
stdlib.hash/enum-hash-dispatch	3	fixed	expr	tests/integration/stdlib_hash_generated.tl	ok	default	assembly
stdlib.hash/hash-once	1	fixed	expr	tests/integration/stdlib_hash_generated.tl	ok	default	assembly
stdlib.hash/hash	1	fixed	module	tests/integration/stdlib_hash_generated.tl	ok	default	assembly
stdlib.hashmap/hashmap	2	fixed	module	tests/integration/hashmap_nominal_value_local_smoke.tl	ok	default	assembly
stdlib.io/array-ptr	1	fixed	expr	tests/integration/tlci_native_index_folds.tl	ok	default	assembly
stdlib.io/array-const-ptr	1	fixed	expr	tests/integration/tlci_native_index_folds.tl	ok	default	assembly
stdlib.io/print	2	variadic	expr	tests/integration/format_stdio_family.tl	ok	default	assembly
stdlib.io/println	2	variadic	expr	tests/integration/tlci_native_format_scanner.tl	ok	default	assembly
stdlib.io/eprint	2	variadic	expr	tests/integration/format_stdio_family.tl	ok	default	assembly
stdlib.io/eprintln	2	variadic	expr	tests/integration/format_stdio_family.tl	ok	default	assembly
stdlib.io/print-format	2	variadic	expr	tests/integration/tlci_native_format_scanner.tl	ok	default	assembly
stdlib.json/json-shared-view	1	fixed	expr	tests/integration/stdlib_serialize_json.tl	ok	default	assembly
stdlib.json/json-array-element-shared-view	2	fixed	expr	tests/integration/stdlib_serialize_json.tl	ok	default	assembly
stdlib.json/json-box-shared-view	1	fixed	expr	tests/integration/stdlib_serialize_json.tl	ok	default	assembly
stdlib.json/encode-bool	1	fixed	expr	tests/integration/stdlib_serialize_json.tl	ok	default	assembly
stdlib.json/decode-bool	2	fixed	expr	tests/integration/stdlib_serialize_json.tl	ok	default	assembly
stdlib.json/encode-int	2	fixed	expr	tests/integration/stdlib_serialize_json.tl	ok	default	assembly
stdlib.json/decode-int	3	fixed	expr	tests/integration/stdlib_serialize_json.tl	ok	default	assembly
stdlib.json/encode-float	2	fixed	expr	tests/integration/stdlib_serialize_json.tl	ok	default	assembly
stdlib.json/decode-float	3	fixed	expr	tests/integration/stdlib_serialize_json.tl	ok	default	assembly
stdlib.json/encode-string	1	fixed	expr	tests/integration/stdlib_serialize_json.tl	ok	default	assembly
stdlib.json/decode-string	2	fixed	expr	tests/integration/stdlib_serialize_json.tl	ok	default	assembly
stdlib.json/object-empty	0	fixed	expr	tests/integration/stdlib_serialize_json.tl	ok	default	assembly
stdlib.json/object-field	3	fixed	expr	tests/integration/stdlib_serialize_json.tl	ok	default	assembly
stdlib.json/object-finish	1	fixed	expr	tests/integration/stdlib_serialize_json.tl	ok	default	assembly
stdlib.json/expect-object	3	fixed	expr	tests/integration/stdlib_serialize_json.tl	ok	default	assembly
stdlib.json/field-value	3	fixed	expr	tests/integration/stdlib_serialize_json.tl	ok	default	assembly
stdlib.json/sequence-empty	0	fixed	expr	tests/integration/stdlib_serialize_json.tl	ok	default	assembly
stdlib.json/sequence-element	3	fixed	expr	tests/integration/stdlib_serialize_json.tl	ok	default	assembly
stdlib.json/sequence-finish	1	fixed	expr	tests/integration/stdlib_serialize_json.tl	ok	default	assembly
stdlib.json/sequence-length	2	fixed	expr	tests/integration/stdlib_serialize_json.tl	ok	default	assembly
stdlib.json/sequence-element-value	3	fixed	expr	tests/integration/stdlib_serialize_json.tl	ok	default	assembly
stdlib.json/extra-decls	1	fixed	decls	tests/integration/stdlib_serialize_json.tl	ok	default	assembly
stdlib.math/exp	1	fixed	expr	tests/integration/tlci_identity_public_gaps.tl	ok	default	assembly
stdlib.math/log	1	fixed	expr	tests/integration/tlci_identity_public_gaps.tl	ok	default	assembly
stdlib.math/pow	2	fixed	expr	tests/integration/tlci_identity_public_gaps.tl	ok	default	assembly
stdlib.math/abs	1	fixed	expr	tests/integration/tlci_native_template_nodes.tl	ok	default	assembly
stdlib.math/sqrt	1	fixed	expr	tests/integration/tlci_identity_public_gaps.tl	ok	default	assembly
stdlib.msvc/msvc-shared-view	1	fixed	expr	tests/integration/tlci_identity_owned_views.tl	ok	default	assembly
stdlib.msvc/msvc-array-element-shared-view	2	fixed	expr	tests/integration/tlci_identity_owned_views.tl	ok	default	assembly
stdlib.msvc/msvc-box-shared-view	1	fixed	expr	tests/integration/tlci_identity_owned_views.tl	ok	default	assembly
stdlib.process/process-place-shared-view	1	fixed	expr	tests/integration/tlci_identity_owned_views.tl	ok	default	assembly
stdlib.process_runtime/process-runtime-place-shared-view	1	fixed	expr	tests/integration/tlci_identity_owned_views.tl	ok	default	assembly
stdlib.queue/deque	1	fixed	module	tests/integration/tlci_identity_public_gaps.tl	ok	default	assembly
stdlib.result/result	2	fixed	module	tests/integration/generated_option_result_families.tl	ok	default	assembly
stdlib.serialize/serialize-shared-view	1	fixed	expr	tests/integration/stdlib_serialize_json.tl	ok	default	assembly
stdlib.serialize/serialize-array-element-shared-view	2	fixed	expr	tests/integration/stdlib_serialize_json.tl	ok	default	assembly
stdlib.serialize/array-fixed-length	1	fixed	expr	tests/integration/stdlib_serialize_json.tl	ok	default	assembly
stdlib.serialize/encode-tuple-elements	6	fixed	expr	tests/integration/stdlib_serialize_json.tl	ok	default	assembly
stdlib.serialize/decode-tuple-items	7	variadic	expr	tests/integration/stdlib_serialize_json.tl	ok	default	assembly
stdlib.serialize/encode-enum-payload-elements	6	fixed	expr	tests/integration/stdlib_serialize_json.tl	ok	default	assembly
stdlib.serialize/encode-enum-dispatch	5	fixed	expr	tests/integration/stdlib_serialize_json.tl	ok	default	assembly
stdlib.serialize/decode-enum-payload-items	8	variadic	expr	tests/integration/stdlib_serialize_json.tl	ok	default	assembly
stdlib.serialize/decode-enum-variants	7	fixed	expr	tests/integration/stdlib_serialize_json.tl	ok	default	assembly
stdlib.serialize/encode-value	4	fixed	expr	tests/integration/stdlib_serialize_json.tl	ok	default	assembly
stdlib.serialize/decode-value	5	fixed	expr	tests/integration/stdlib_serialize_json.tl	ok	default	assembly
stdlib.serialize/encode-field	4	fixed	expr	tests/integration/stdlib_serialize_json.tl	ok	default	assembly
stdlib.serialize/encode-fields	4	fixed	expr	tests/integration/stdlib_serialize_json.tl	ok	default	assembly
stdlib.serialize/decode-field	6	fixed	expr	tests/integration/stdlib_serialize_json.tl	ok	default	assembly
stdlib.serialize/decode-fields	6	fixed	expr	tests/integration/stdlib_serialize_json.tl	ok	default	assembly
stdlib.serialize/enum-source-import	2	fixed	decls	tests/integration/stdlib_serialize_json.tl	ok	default	assembly
stdlib.serialize/nested-import-for-type	3	fixed	decls	tests/integration/stdlib_serialize_json.tl	ok	default	assembly
stdlib.serialize/nested-imports-for-tuple	4	fixed	decls	tests/integration/stdlib_serialize_json.tl	ok	default	assembly
stdlib.serialize/nested-imports-for-enum-payloads	5	fixed	decls	tests/integration/stdlib_serialize_json.tl	ok	default	assembly
stdlib.serialize/nested-imports-for-enum	4	fixed	decls	tests/integration/stdlib_serialize_json.tl	ok	default	assembly
stdlib.serialize/nested-imports	3	fixed	decls	tests/integration/stdlib_serialize_json.tl	ok	default	assembly
stdlib.serialize/serialize	2	fixed	module	tests/integration/stdlib_serialize_json.tl	ok	default	assembly
stdlib.sort/vec	1	fixed	module	tests/integration/tlci_identity_public_gaps.tl	ok	default	assembly
stdlib.sync/channel	1	fixed	module	tests/integration/sync_channel_thread_runtime.tl	ok	default	assembly
stdlib.sync/mutex	1	fixed	module	tests/integration/sync_mutex_thread_runtime.tl	ok	default	assembly
stdlib.str_cat/str-cat	1	variadic	expr	tests/integration/stdlib_serialize_json.tl	ok	default	assembly
stdlib.str_cat_runtime/str-cat-pack	3	fixed	expr	tests/integration/tlci_native_format_scanner.tl	ok	default	assembly
stdlib.str_cat_runtime/str-cat	1	variadic	expr	tests/integration/tlci_identity_public_gaps.tl	ok	default	assembly
stdlib.str_cat_runtime/str-cat-scoped	1	variadic	expr	tests/integration/stdlib_serialize_json.tl	ok	default	assembly
stdlib.thread/handle	1	fixed	module	stdlib/tests/thread_api.tl	ok	default	assembly
stdlib.text_buf/append!	2	fixed	expr	tests/integration/tlci_identity_public_gaps.tl	ok	default	assembly
stdlib.text_buf/append-char!	2	fixed	expr	tests/integration/tlci_identity_public_gaps.tl	ok	default	assembly
stdlib.text_buf/append-int!	2	fixed	expr	tests/integration/tlci_identity_public_gaps.tl	ok	default	assembly
stdlib.text_buf/clear!	1	fixed	expr	tests/integration/tlci_identity_public_gaps.tl	ok	default	assembly
stdlib.text_buf/reset!	1	fixed	expr	tests/integration/tlci_identity_public_gaps.tl	ok	default	assembly
stdlib.text_buf_family/text-buf-family-shared-view	1	fixed	expr	tests/integration/stdlib_text_buf.tl	ok	default	assembly
stdlib.text_buf_family/text-buf-owned-store-write!	3	fixed	expr	tests/integration/stdlib_serialize_json.tl	ok	default	assembly
stdlib.text_buf_family/text-buf-owned-store-commit!	3	fixed	expr	tests/integration/stdlib_serialize_json.tl	ok	default	assembly
stdlib.text_buf_family/owned	0	fixed	decls	tests/integration/stdlib_serialize_json.tl	ok	default	assembly
stdlib.text_buf_family/borrowed	0	fixed	decls	tests/integration/stdlib_text_buf.tl	ok	default	assembly
stdlib.vector/vector	2	variadic	module	tests/integration/stdlib_serialize_json.tl	ok	default	assembly
stdlib.option/option	1	fixed	module	tests/integration/generated_option_result_families.tl	ok	default	assembly
stdlib.set/set	1	fixed	module	tests/integration/tlci_identity_public_gaps.tl	ok	default	assembly
