benchmark	mode	implementation	status	ir_count
spmd_map	scalar	typelisp	supported	5844521207
spmd_map	scalar	clang	supported	6760961379
spmd_map	avx2	typelisp	supported	1813858641
spmd_map	avx2	clang	supported	1155127327
spmd_zip	scalar	typelisp	supported	8303096098
spmd_zip	scalar	clang	supported	9218577767
spmd_zip	avx2	typelisp	supported	4943588784
spmd_zip	avx2	clang	supported	4227139620
spmd_reduce	scalar	typelisp	supported	1364174979
spmd_reduce	scalar	clang	supported	3381439871
spmd_reduce	avx2	typelisp	supported	1006026764
spmd_reduce	avx2	clang	supported	850923766
spmd_scan	scalar	typelisp	supported	3393143296
spmd_scan	scalar	clang	supported	4303642946
spmd_scan	avx2	typelisp	supported	6166446509
spmd_scan	avx2	clang	supported	4303635277
spmd_shuffle	scalar	typelisp	supported	4615347877
spmd_shuffle	scalar	clang	supported	5532148066
spmd_shuffle	avx2	typelisp	supported	3078526405
spmd_shuffle	avx2	clang	supported	847924764
spmd_short_tail	scalar	typelisp	supported	4798054561
spmd_short_tail	scalar	clang	supported	6030129911
spmd_short_tail	avx2	typelisp	supported	1623088414
spmd_short_tail	avx2	clang	supported	954120596
spmd_mask	scalar	typelisp	supported	8613460697
spmd_mask	scalar	clang	supported	9833561381
spmd_mask	avx2	typelisp	supported	4327740380
spmd_mask	avx2	clang	supported	1770726834
