# cli-gate-coverage-schema	1
# Register annotated source files with: # source<TAB>repository/relative/path.sh
schema	case_id	gate	source	kind	host	compiler	argv	fixture	stdin	cwd	process	environment	expected_status	stdout	stderr	effects	canonical_owner	duplicate_reason
# example	1	public-help	public-tools	scripts/verify-public-tools.sh	wrapper	all	stage3/run_cmd	typelisp --help	-	none	repository	one-process	none	0	usage	ignore	none	public-help	-
# source	scripts/check-stage1-wrapper.sh
# stage1-wrapper inventory: 85 source sites and 101 behavior rows; each of the
# two format-corpus sites expands to the nine names in format_manifest.
1	stage1-wrapper-compile	stage1-wrapper	scripts/check-stage1-wrapper.sh	wrapper	linux	stage1/host-action	compile <smoke.tl> -o <smoke.s>	main-returns-7	inherited	repository	compiler	TYPELISP_STAGE1_HEARTBEAT_FD=3;fd3=parent-stderr	0	contains:Wrote-smoke.s	not-asserted	writes:smoke.s	stage1-wrapper-compile	-
1	stage1-wrapper-compile-synthesized-entry	stage1-wrapper	scripts/check-stage1-wrapper.sh	wrapper	linux	stage1/host-action	compile <synthesized-entry.tl> -o <synthesized-entry.s>	source-without-main	inherited	repository	compiler	TYPELISP_STAGE1_HEARTBEAT_FD=3;fd3=parent-stderr	0	contains:Wrote-synthesized-entry.s	not-asserted	writes:synthesized-entry.s	stage1-wrapper-compile-synthesized-entry	-
1	stage1-wrapper-compile-cfg	stage1-wrapper	scripts/check-stage1-wrapper.sh	wrapper	linux	stage1/host-action	compile <cfg-feature.tl> -o <cfg-feature.s> --cfg feature	cfg-enabled-and-disabled-definitions	inherited	repository	compiler	TYPELISP_STAGE1_HEARTBEAT_FD=3;fd3=parent-stderr	0	not-asserted	not-asserted	asm-contains:enabled;asm-excludes:disabled	stage1-wrapper-compile-cfg	-
1	stage1-wrapper-compile-cfg-batch	stage1-wrapper	scripts/check-stage1-wrapper.sh	wrapper	linux	stage1/host-action	compile --batch <cfg-batch.txt> --cfg feature	two-source-cfg-batch	inherited	repository	compiler	TYPELISP_STAGE1_HEARTBEAT_FD=3;fd3=parent-stderr	0	not-asserted	not-asserted	writes:two-assemblies;both-enable-feature;both-exclude-disabled	stage1-wrapper-compile-cfg-batch	-
1	stage1-wrapper-compile-ir	stage1-wrapper	scripts/check-stage1-wrapper.sh	wrapper	linux	stage1/host-action	compile <smoke.tl> --emit-ir	main-returns-7	inherited	repository	compiler	TYPELISP_STAGE1_HEARTBEAT_FD=3;fd3=parent-stderr	0	contains:Wrote-smoke.ir	not-asserted	writes:smoke.ir;ir-summary-v1	stage1-wrapper-compile-ir	-
1	stage1-wrapper-compile-missing-source	stage1-wrapper	scripts/check-stage1-wrapper.sh	wrapper	linux	stage1/host-action	compile	missing-source-argument	inherited	repository	compiler	none	nonzero	empty	contains:expected-source-path	none	stage1-wrapper-compile-missing-source	-
1	stage1-wrapper-help	stage1-wrapper	scripts/check-stage1-wrapper.sh	wrapper	linux	stage1/host-action	help	top-level-help	inherited	repository	compiler	TYPELISP_STAGE1_HEARTBEAT_FD=3;fd3=parent-stderr	0	empty	not-asserted	none	stage1-wrapper-help	-
1	stage1-wrapper-check	stage1-wrapper	scripts/check-stage1-wrapper.sh	wrapper	linux	stage1/host-action	check <smoke.tl>	main-returns-7	inherited	repository	compiler	TYPELISP_STAGE1_HEARTBEAT_FD=3;fd3=parent-stderr	0	contains:Type-checking-passed	empty	none	stage1-wrapper-check	-
1	stage1-wrapper-check-stdlib-root	stage1-wrapper	scripts/check-stage1-wrapper.sh	wrapper	linux	stage1/host-action	check <app/main.tl> --stdlib-root <repo-stdlib>	custom-stdlib-import	inherited	repository	compiler	TYPELISP_STAGE1_HEARTBEAT_FD=3;fd3=parent-stderr	0	contains:Type-checking-passed	empty	copies:stdout-as-expected	stage1-wrapper-check-stdlib-root	-
1	stage1-wrapper-build	stage1-wrapper	scripts/check-stage1-wrapper.sh	wrapper	linux	stage1/host-action	build <smoke.tl> -o <smoke-bin>	main-returns-7	inherited	repository	compiler+assembler+linker	TYPELISP_STAGE1_HEARTBEAT_FD=3;fd3=parent-stderr	0	contains:Built-smoke-bin	not-asserted	writes:executable-smoke-bin	stage1-wrapper-build	-
1	stage1-wrapper-check-package	stage1-wrapper	scripts/check-stage1-wrapper.sh	wrapper	linux	stage1/host-action	check --manifest-path <pkg/typelisp.pkg>	bin-package-with-path-dependency	inherited	repository	compiler	TYPELISP_STAGE1_HEARTBEAT_FD=3;fd3=parent-stderr	0	contains:Type-checking-passed	empty	none	stage1-wrapper-check-package	-
1	stage1-wrapper-check-package-discover	stage1-wrapper	scripts/check-stage1-wrapper.sh	wrapper	linux	stage1/host-action	check	manifest-discovery-from-nested-directory	inherited	pkg/src/nested/deeper	compiler	TYPELISP_STAGE1_HEARTBEAT_FD=3;fd3=parent-stderr	0	contains:Type-checking-passed	empty	none	stage1-wrapper-check-package-discover	-
1	stage1-wrapper-check-package-orphan-bad	stage1-wrapper	scripts/check-stage1-wrapper.sh	wrapper	linux	stage1/host-action	check --manifest-path <pkg/typelisp.pkg>	package-with-bad-unowned-source	inherited	repository	compiler	TYPELISP_STAGE1_HEARTBEAT_FD=3;fd3=parent-stderr	0	contains:Type-checking-passed	empty	ignores:unowned-source	stage1-wrapper-check-package-orphan-bad	-
1	stage1-wrapper-check-file-bad	stage1-wrapper	scripts/check-stage1-wrapper.sh	wrapper	linux	stage1/host-action	check <pkg/src/non_entry_bad.tl>	bad-source-direct-check	inherited	repository	compiler	none	nonzero	empty	contains:non_entry_bad.tl;path-not-duplicated	none	stage1-wrapper-check-file-bad	-
1	stage1-wrapper-check-file-manifest	stage1-wrapper	scripts/check-stage1-wrapper.sh	wrapper	linux	stage1/host-action	check <smoke.tl> --manifest-path <pkg/typelisp.pkg>	file-and-manifest-conflict	inherited	repository	compiler	none	nonzero	empty	contains:cannot-combine-input-with-manifest	none	stage1-wrapper-check-file-manifest	-
1	stage1-wrapper-build-package	stage1-wrapper	scripts/check-stage1-wrapper.sh	wrapper	linux	stage1/host-action	build --manifest-path <pkg/typelisp.pkg> --opt-level 0	bin-package-with-path-dependency	inherited	repository	compiler+assembler+archiver+linker	TYPELISP_STAGE1_HEARTBEAT_FD=3;fd3=parent-stderr	0	contains:four-Built-artifacts	not-asserted	writes:bin,asm,dependency-archive,package-tlci,dependency-tlci;asm-import-boundary	stage1-wrapper-build-package	-
1	stage1-wrapper-inspect-package-tlci	stage1-wrapper	scripts/check-stage1-wrapper.sh	wrapper	linux	stage1/host-action	inspect <stage1_pkg.tlci>	code-bearing-package-image	inherited	repository	compiler	TYPELISP_STAGE1_HEARTBEAT_FD=3;fd3=parent-stderr	0	contains:tlci-image,package-name,nonempty-code;excludes:none	empty	none	stage1-wrapper-inspect-package-tlci	-
1	stage1-wrapper-build-package-repeat	stage1-wrapper	scripts/check-stage1-wrapper.sh	wrapper	linux	stage1/host-action	build --manifest-path <pkg/typelisp.pkg> --opt-level 0	repeat-release-package-build	inherited	repository	compiler+assembler+archiver+linker	TYPELISP_STAGE1_HEARTBEAT_FD=3;fd3=parent-stderr	0	not-asserted	not-asserted	tlci-byte-identical-to-first-build	stage1-wrapper-build-package-repeat	-
1	stage1-wrapper-inspect-bad-tlci	stage1-wrapper	scripts/check-stage1-wrapper.sh	wrapper	linux	stage1/host-action	inspect <bad.tlci>	three-byte-invalid-image	inherited	repository	compiler	none	nonzero	empty	contains:truncated-header-with-path	none	stage1-wrapper-inspect-bad-tlci	-
1	stage1-wrapper-build-package-dev	stage1-wrapper	scripts/check-stage1-wrapper.sh	wrapper	linux	stage1/host-action	build --manifest-path <pkg/typelisp.pkg> --profile dev	dev-profile-bin-package	inherited	repository	compiler+assembler+archiver+linker	TYPELISP_STAGE1_HEARTBEAT_FD=3;fd3=parent-stderr	0	contains:four-dev-Built-artifacts	not-asserted	writes:dev-bin,asm,dependency-archive,package-tlci,dependency-tlci	stage1-wrapper-build-package-dev	-
1	stage1-wrapper-build-package-discover	stage1-wrapper	scripts/check-stage1-wrapper.sh	wrapper	linux	stage1/host-action	build	manifest-discovery-from-nested-directory	inherited	pkg/src/nested/deeper	compiler+assembler+archiver+linker	TYPELISP_STAGE1_HEARTBEAT_FD=3;fd3=parent-stderr	0	contains:relative-Built-path	not-asserted	writes:release-bin-and-asm	stage1-wrapper-build-package-discover	-
1	stage1-wrapper-build-package-lib	stage1-wrapper	scripts/check-stage1-wrapper.sh	wrapper	linux	stage1/host-action	build --manifest-path <libpkg/typelisp.pkg>	library-package	inherited	repository	compiler+assembler+archiver	TYPELISP_STAGE1_HEARTBEAT_FD=3;fd3=parent-stderr	0	contains:Built-archive-and-tlci	not-asserted	writes:nonempty-static-archive-and-tlci	stage1-wrapper-build-package-lib	-
1	stage1-wrapper-build-package-missing	stage1-wrapper	scripts/check-stage1-wrapper.sh	wrapper	linux	stage1/host-action	build --manifest-path <missing.pkg>	missing-package-manifest	inherited	repository	compiler	none	nonzero	empty	contains:cannot-read-package-manifest	none	stage1-wrapper-build-package-missing	-
1	stage1-wrapper-check-package-missing	stage1-wrapper	scripts/check-stage1-wrapper.sh	wrapper	linux	stage1/host-action	check --manifest-path <missing.pkg>	missing-package-manifest	inherited	repository	compiler	none	nonzero	empty	contains:cannot-read-package-manifest	none	stage1-wrapper-check-package-missing	-
1	stage1-wrapper-run	stage1-wrapper	scripts/check-stage1-wrapper.sh	direct	linux	stage1/host-action	run <smoke.tl>	main-returns-7	inherited	repository	compiler+assembler+linker+program	none	7	empty	empty	temporary-build-and-execute	stage1-wrapper-run	-
1	stage1-wrapper-run-cfg	stage1-wrapper	scripts/check-stage1-wrapper.sh	direct	linux	stage1/host-action	run <run-cfg.tl> --cfg feature	cfg-selects-exit-11	inherited	repository	compiler+assembler+linker+program	none	11	empty	empty	temporary-build-and-execute	stage1-wrapper-run-cfg	-
1	stage1-wrapper-repl-empty	stage1-wrapper	scripts/check-stage1-wrapper.sh	wrapper	linux	stage1/host-action	repl	empty-repl-session	empty-bytes	repository	compiler	TYPELISP_STAGE1_HEARTBEAT_FD=3;fd3=parent-stderr	0	contains:banner-and-prompt	empty	none	stage1-wrapper-repl-empty	-
1	stage1-wrapper-repl-session	stage1-wrapper	scripts/check-stage1-wrapper.sh	wrapper	linux	stage1/host-action	repl	help,type-bool,add-1-2,exit-session	repl-command-bytes	repository	compiler	TYPELISP_STAGE1_HEARTBEAT_FD=3;fd3=parent-stderr	0	contains:help,type-bool,result-3	empty	none	stage1-wrapper-repl-session	-
1	stage1-wrapper-repl-args	stage1-wrapper	scripts/check-stage1-wrapper.sh	wrapper	linux	stage1/host-action	repl unexpected	unexpected-repl-argument	inherited	repository	compiler	none	nonzero	empty	contains:repl-does-not-accept-arguments	none	stage1-wrapper-repl-args	-
1	stage1-wrapper-lsp-init-shutdown	stage1-wrapper	scripts/check-stage1-wrapper.sh	wrapper	linux	stage1/host-action	lsp	initialize-and-shutdown-frames	lsp-content-length-frames	repository	compiler	TYPELISP_STAGE1_HEARTBEAT_FD=3;fd3=parent-stderr	0	contains:initialize-id,textDocumentSync,shutdown-id	empty	none	stage1-wrapper-lsp-init-shutdown	-
1	stage1-wrapper-lsp-missing-length	stage1-wrapper	scripts/check-stage1-wrapper.sh	wrapper	linux	stage1/host-action	lsp	header-without-content-length	malformed-lsp-header-bytes	repository	compiler	none	nonzero	contains:parse-error-code--32700	contains:missing-Content-Length	none	stage1-wrapper-lsp-missing-length	-
1	stage1-wrapper-lsp-diagnostics	stage1-wrapper	scripts/check-stage1-wrapper.sh	wrapper	linux	stage1/host-action	lsp	initialize,didOpen-error,didChange-fix,didClose	lsp-content-length-frames	repository	compiler	TYPELISP_STAGE1_HEARTBEAT_FD=3;fd3=parent-stderr	0	contains:E0200,return-mismatch,empty-diagnostics	empty	none	stage1-wrapper-lsp-diagnostics	-
1	stage1-wrapper-doc	stage1-wrapper	scripts/check-stage1-wrapper.sh	wrapper	linux	stage1/host-action	doc <entry.tl> -o <entry.md> --stdlib-root <doc-stdlib>	entry-local-and-stdlib-docs	inherited	repository	compiler	TYPELISP_STAGE1_HEARTBEAT_FD=3;fd3=parent-stderr	0	contains:Wrote-entry.md	empty	writes:markdown-with-entry,local,stdlib-docs	stage1-wrapper-doc	-
1	stage1-wrapper-doc-test	stage1-wrapper	scripts/check-stage1-wrapper.sh	wrapper	linux	stage1/host-action	doc --test <entry.tl> --stdlib-root <doc-stdlib>	one-documentation-example	inherited	repository	compiler+assembler+linker+program	TYPELISP_STAGE1_HEARTBEAT_FD=3;fd3=parent-stderr	0	contains:Doc-tests-passed-1	empty	temporary-doc-test-execution	stage1-wrapper-doc-test	-
1	stage1-wrapper-test-check	stage1-wrapper	scripts/check-stage1-wrapper.sh	wrapper	linux	stage1/host-action	test --check <inline-test.tl> --target linux-x86_64 --opt-level 2 --stdlib-root <stdlib>	one-inline-test	inherited	repository	compiler	TYPELISP_STAGE1_HEARTBEAT_FD=3;fd3=parent-stderr	0	contains:typecheck-passed-1	empty	none	stage1-wrapper-test-check	-
1	stage1-wrapper-test-check-batch	stage1-wrapper	scripts/check-stage1-wrapper.sh	wrapper	linux	stage1/host-action	test --check --batch <two-source-list> --target linux-x86_64 --stdlib-root <stdlib>	three-tests-in-two-files	inherited	repository	compiler	TYPELISP_STAGE1_HEARTBEAT_FD=3;fd3=parent-stderr	0	contains:per-file-and-batch-typecheck-summaries	empty	none	stage1-wrapper-test-check-batch	-
1	stage1-wrapper-test-check-batch-with-file	stage1-wrapper	scripts/check-stage1-wrapper.sh	wrapper	linux	stage1/host-action	test --check --batch <list> <inline-test.tl> --stdlib-root <stdlib>	batch-and-input-conflict	inherited	repository	compiler	none	nonzero	not-asserted	contains:cannot-combine-inputs-with-batch	none	stage1-wrapper-test-check-batch-with-file	-
1	stage1-wrapper-test-run-batch	stage1-wrapper	scripts/check-stage1-wrapper.sh	wrapper	linux	stage1/host-action	test --batch <two-source-list> --target linux-x86_64 --opt-level 2 --stdlib-root <stdlib>	three-tests-in-two-files	inherited	repository	compiler+assembler+linker+two-test-programs	TYPELISP_STAGE1_HEARTBEAT_FD=3;fd3=parent-stderr	0	contains:per-file-and-batch-pass-summaries	contains:all-test-names-and-two-success-summaries	no-cross-file-test-state	stage1-wrapper-test-run-batch	-
1	stage1-wrapper-test-run-batch-failure	stage1-wrapper	scripts/check-stage1-wrapper.sh	wrapper	linux	stage1/host-action	test --batch <fail-list> --target linux-x86_64 --stdlib-root <stdlib>	passing-file,failing-file,sentinel-file	inherited	repository	compiler+assembler+linker+test-programs-until-failure	none	nonzero	not-asserted	contains:intentional-failure-and-failed-source;excludes:sentinel	sentinel-not-run	stage1-wrapper-test-run-batch-failure	-
1	stage1-wrapper-test-run-batch-sentinel-fresh	stage1-wrapper	scripts/check-stage1-wrapper.sh	wrapper	linux	stage1/host-action	test <sentinel.tl> --target linux-x86_64 --stdlib-root <stdlib>	sentinel-after-failed-batch	inherited	repository	compiler+assembler+linker+test-program	TYPELISP_STAGE1_HEARTBEAT_FD=3;fd3=parent-stderr	0	not-asserted	contains:sentinel-ok	proves:fresh-test-state	stage1-wrapper-test-run-batch-sentinel-fresh	-
1	stage1-wrapper-test-run-batch-compile-error	stage1-wrapper	scripts/check-stage1-wrapper.sh	wrapper	linux	stage1/host-action	test --batch <compile-error-list> --target linux-x86_64 --stdlib-root <stdlib>	compile-error-file-and-sentinel	inherited	repository	compiler	none	nonzero	not-asserted	contains:unbound-name-and-failed-source;excludes:sentinel	sentinel-not-run	stage1-wrapper-test-run-batch-compile-error	-
1	stage1-wrapper-test-run-batch-lower-error	stage1-wrapper	scripts/check-stage1-wrapper.sh	wrapper	linux	stage1/host-action	test --batch <lower-error-list> --target linux-x86_64 --stdlib-root <stdlib>	lower-error-file-and-sentinel	inherited	repository	compiler	none	nonzero	not-asserted	contains:compile-time-only-and-failed-source;excludes:sentinel	sentinel-not-run	stage1-wrapper-test-run-batch-lower-error	-
1	stage1-wrapper-test-run	stage1-wrapper	scripts/check-stage1-wrapper.sh	wrapper	linux	stage1/host-action	test <inline-test.tl> --opt-level 1 --stdlib-root <stdlib>	one-inline-test	inherited	repository	compiler+assembler+linker+test-program	TYPELISP_STAGE1_HEARTBEAT_FD=3;fd3=parent-stderr	0	empty	contains:test-name,ok,passed-1	no-scratch-assembly	stage1-wrapper-test-run	-
1	stage1-wrapper-test-no-tests-check	stage1-wrapper	scripts/check-stage1-wrapper.sh	wrapper	linux	stage1/host-action	test --check <no-tests.tl>	source-with-zero-tests	inherited	repository	compiler	TYPELISP_STAGE1_HEARTBEAT_FD=3;fd3=parent-stderr	0	contains:typecheck-passed-0	empty	none	stage1-wrapper-test-no-tests-check	-
1	stage1-wrapper-test-no-tests-run	stage1-wrapper	scripts/check-stage1-wrapper.sh	wrapper	linux	stage1/host-action	test <no-tests.tl>	source-with-zero-tests	inherited	repository	compiler+assembler+linker+test-program	TYPELISP_STAGE1_HEARTBEAT_FD=3;fd3=parent-stderr	0	empty	contains:tests-passed-0	no-scratch-assembly	stage1-wrapper-test-no-tests-run	-
1	stage1-wrapper-test-run-batch-zero	stage1-wrapper	scripts/check-stage1-wrapper.sh	wrapper	linux	stage1/host-action	test --batch <zero-and-one-test-list> --target linux-x86_64 --stdlib-root <stdlib>	zero-test-file-and-one-test-file	inherited	repository	compiler+assembler+linker+two-test-programs	TYPELISP_STAGE1_HEARTBEAT_FD=3;fd3=parent-stderr	0	contains:zero-file-and-batch-pass-1	contains:zero-tests-passed	no-scratch-assembly	stage1-wrapper-test-run-batch-zero	-
1	stage1-wrapper-test-package-check	stage1-wrapper	scripts/check-stage1-wrapper.sh	wrapper	linux	stage1/host-action	test --check --target linux-x86_64 --stdlib-root <stdlib>	package-discovery-inline-and-integration-tests	inherited	inline-test-pkg/src/nested	compiler	TYPELISP_STAGE1_HEARTBEAT_FD=3;fd3=parent-stderr	0	contains:inline,integration,and-package-typecheck-summary	empty	ignores:target,vendor,format-golden-fixtures	stage1-wrapper-test-package-check	-
1	stage1-wrapper-test-package-run	stage1-wrapper	scripts/check-stage1-wrapper.sh	wrapper	linux	stage1/host-action	test --target linux-x86_64 --stdlib-root <stdlib>	package-discovery-inline-and-integration-tests	inherited	inline-test-pkg/src/nested	compiler+assembler+linker+four-test-programs	TYPELISP_STAGE1_HEARTBEAT_FD=3;fd3=parent-stderr	0	contains:integration-and-package-pass-summary	contains:pkg-entry-and-pkg-nested-ok	ignores:target,vendor,format-golden-fixtures	stage1-wrapper-test-package-run	-
1	stage1-wrapper-test-package-no-tests	stage1-wrapper	scripts/check-stage1-wrapper.sh	wrapper	linux	stage1/host-action	test --check --target linux-x86_64 --stdlib-root <stdlib>	package-with-no-tests	inherited	inline-test-empty-pkg	compiler	TYPELISP_STAGE1_HEARTBEAT_FD=3;fd3=parent-stderr	0	contains:package-typecheck-passed-0	empty	none	stage1-wrapper-test-package-no-tests	-
1	stage1-wrapper-test-fail	stage1-wrapper	scripts/check-stage1-wrapper.sh	direct	linux	stage1/host-action	test <inline-test-fail.tl> --stdlib-root <stdlib>	one-failing-inline-test	inherited	repository	compiler+assembler+linker+failing-test-program	TYPELISP_STAGE1_HEARTBEAT_FD=3;fd3=parent-stderr	nonzero	empty	contains:test-name,message,exited	no-scratch-assembly	stage1-wrapper-test-fail	-
1	stage1-wrapper-test-package-integration-fail	stage1-wrapper	scripts/check-stage1-wrapper.sh	direct	linux	stage1/host-action	test --target linux-x86_64 --manifest-path <integration-fail.pkg>	integration-program-exits-7	inherited	repository	compiler+assembler+linker+failing-integration-program	TYPELISP_STAGE1_HEARTBEAT_FD=3;fd3=parent-stderr	1	contains:integration-test-file	contains:exited-status-7	none	stage1-wrapper-test-package-integration-fail	-
1	stage1-wrapper-test-package-integration-lower-diagnostic	stage1-wrapper	scripts/check-stage1-wrapper.sh	direct	linux	stage1/host-action	test --target linux-x86_64 --manifest-path <integration-lower-diagnostic.pkg>	integration-lower-error	inherited	repository	compiler	TYPELISP_STAGE1_HEARTBEAT_FD=3;fd3=parent-stderr	1	contains:integration-test-file	contains:path-line-column-and-compile-time-only	none	stage1-wrapper-test-package-integration-lower-diagnostic	-
1	stage1-wrapper-test-bad	stage1-wrapper	scripts/check-stage1-wrapper.sh	direct	linux	stage1/host-action	test --check <inline-test-bad.tl>	unbound-name-in-test	inherited	repository	compiler	TYPELISP_STAGE1_HEARTBEAT_FD=3;fd3=parent-stderr	nonzero	empty	contains:unbound-name	none	stage1-wrapper-test-bad	-
1	stage1-wrapper-test-missing-opt	stage1-wrapper	scripts/check-stage1-wrapper.sh	direct	linux	stage1/host-action	test <inline-test.tl> --opt-level	missing-opt-level-value	inherited	repository	compiler	TYPELISP_STAGE1_HEARTBEAT_FD=3;fd3=parent-stderr	nonzero	empty	contains:opt-level-requires-value	none	stage1-wrapper-test-missing-opt	-
1	stage1-wrapper-test-invalid-opt	stage1-wrapper	scripts/check-stage1-wrapper.sh	direct	linux	stage1/host-action	test <inline-test.tl> --opt-level 3	unsupported-opt-level	inherited	repository	compiler	TYPELISP_STAGE1_HEARTBEAT_FD=3;fd3=parent-stderr	nonzero	empty	contains:expected-0-1-or-2	none	stage1-wrapper-test-invalid-opt	-
1	stage1-wrapper-test-bad-target	stage1-wrapper	scripts/check-stage1-wrapper.sh	direct	linux	stage1/host-action	test --check <inline-test.tl> --target nope	unknown-target	inherited	repository	compiler	TYPELISP_STAGE1_HEARTBEAT_FD=3;fd3=parent-stderr	nonzero	empty	contains:unknown-target-nope	none	stage1-wrapper-test-bad-target	-
1	stage1-wrapper-fmt-golden-char_literal	stage1-wrapper	scripts/check-stage1-wrapper.sh	wrapper	linux	stage1/host-action	fmt <all-format-manifest-files>	format-golden:char_literal	inherited	repository	compiler	TYPELISP_STAGE1_HEARTBEAT_FD=3;fd3=parent-stderr	0	empty	empty	rewrites:char_literal.tl-to-exact-expected	stage1-wrapper-fmt-golden-char_literal	-
1	stage1-wrapper-fmt-golden-comments	stage1-wrapper	scripts/check-stage1-wrapper.sh	wrapper	linux	stage1/host-action	fmt <all-format-manifest-files>	format-golden:comments	inherited	repository	compiler	TYPELISP_STAGE1_HEARTBEAT_FD=3;fd3=parent-stderr	0	empty	empty	rewrites:comments.tl-to-exact-expected	stage1-wrapper-fmt-golden-comments	-
1	stage1-wrapper-fmt-golden-decls	stage1-wrapper	scripts/check-stage1-wrapper.sh	wrapper	linux	stage1/host-action	fmt <all-format-manifest-files>	format-golden:decls	inherited	repository	compiler	TYPELISP_STAGE1_HEARTBEAT_FD=3;fd3=parent-stderr	0	empty	empty	rewrites:decls.tl-to-exact-expected	stage1-wrapper-fmt-golden-decls	-
1	stage1-wrapper-fmt-golden-flow	stage1-wrapper	scripts/check-stage1-wrapper.sh	wrapper	linux	stage1/host-action	fmt <all-format-manifest-files>	format-golden:flow	inherited	repository	compiler	TYPELISP_STAGE1_HEARTBEAT_FD=3;fd3=parent-stderr	0	empty	empty	rewrites:flow.tl-to-exact-expected	stage1-wrapper-fmt-golden-flow	-
1	stage1-wrapper-fmt-golden-let_bindings	stage1-wrapper	scripts/check-stage1-wrapper.sh	wrapper	linux	stage1/host-action	fmt <all-format-manifest-files>	format-golden:let_bindings	inherited	repository	compiler	TYPELISP_STAGE1_HEARTBEAT_FD=3;fd3=parent-stderr	0	empty	empty	rewrites:let_bindings.tl-to-exact-expected	stage1-wrapper-fmt-golden-let_bindings	-
1	stage1-wrapper-fmt-golden-negative_int	stage1-wrapper	scripts/check-stage1-wrapper.sh	wrapper	linux	stage1/host-action	fmt <all-format-manifest-files>	format-golden:negative_int	inherited	repository	compiler	TYPELISP_STAGE1_HEARTBEAT_FD=3;fd3=parent-stderr	0	empty	empty	rewrites:negative_int.tl-to-exact-expected	stage1-wrapper-fmt-golden-negative_int	-
1	stage1-wrapper-fmt-golden-quote	stage1-wrapper	scripts/check-stage1-wrapper.sh	wrapper	linux	stage1/host-action	fmt <all-format-manifest-files>	format-golden:quote	inherited	repository	compiler	TYPELISP_STAGE1_HEARTBEAT_FD=3;fd3=parent-stderr	0	empty	empty	rewrites:quote.tl-to-exact-expected	stage1-wrapper-fmt-golden-quote	-
1	stage1-wrapper-fmt-golden-signature_colon	stage1-wrapper	scripts/check-stage1-wrapper.sh	wrapper	linux	stage1/host-action	fmt <all-format-manifest-files>	format-golden:signature_colon	inherited	repository	compiler	TYPELISP_STAGE1_HEARTBEAT_FD=3;fd3=parent-stderr	0	empty	empty	rewrites:signature_colon.tl-to-exact-expected	stage1-wrapper-fmt-golden-signature_colon	-
1	stage1-wrapper-fmt-golden-tail_comment	stage1-wrapper	scripts/check-stage1-wrapper.sh	wrapper	linux	stage1/host-action	fmt <all-format-manifest-files>	format-golden:tail_comment	inherited	repository	compiler	TYPELISP_STAGE1_HEARTBEAT_FD=3;fd3=parent-stderr	0	empty	empty	rewrites:tail_comment.tl-to-exact-expected	stage1-wrapper-fmt-golden-tail_comment	-
1	stage1-wrapper-fmt-golden-check-char_literal	stage1-wrapper	scripts/check-stage1-wrapper.sh	wrapper	linux	stage1/host-action	fmt --check <all-format-manifest-files>	formatted-golden:char_literal	inherited	repository	compiler	TYPELISP_STAGE1_HEARTBEAT_FD=3;fd3=parent-stderr	0	empty	empty	none	stage1-wrapper-fmt-golden-check-char_literal	-
1	stage1-wrapper-fmt-golden-check-comments	stage1-wrapper	scripts/check-stage1-wrapper.sh	wrapper	linux	stage1/host-action	fmt --check <all-format-manifest-files>	formatted-golden:comments	inherited	repository	compiler	TYPELISP_STAGE1_HEARTBEAT_FD=3;fd3=parent-stderr	0	empty	empty	none	stage1-wrapper-fmt-golden-check-comments	-
1	stage1-wrapper-fmt-golden-check-decls	stage1-wrapper	scripts/check-stage1-wrapper.sh	wrapper	linux	stage1/host-action	fmt --check <all-format-manifest-files>	formatted-golden:decls	inherited	repository	compiler	TYPELISP_STAGE1_HEARTBEAT_FD=3;fd3=parent-stderr	0	empty	empty	none	stage1-wrapper-fmt-golden-check-decls	-
1	stage1-wrapper-fmt-golden-check-flow	stage1-wrapper	scripts/check-stage1-wrapper.sh	wrapper	linux	stage1/host-action	fmt --check <all-format-manifest-files>	formatted-golden:flow	inherited	repository	compiler	TYPELISP_STAGE1_HEARTBEAT_FD=3;fd3=parent-stderr	0	empty	empty	none	stage1-wrapper-fmt-golden-check-flow	-
1	stage1-wrapper-fmt-golden-check-let_bindings	stage1-wrapper	scripts/check-stage1-wrapper.sh	wrapper	linux	stage1/host-action	fmt --check <all-format-manifest-files>	formatted-golden:let_bindings	inherited	repository	compiler	TYPELISP_STAGE1_HEARTBEAT_FD=3;fd3=parent-stderr	0	empty	empty	none	stage1-wrapper-fmt-golden-check-let_bindings	-
1	stage1-wrapper-fmt-golden-check-negative_int	stage1-wrapper	scripts/check-stage1-wrapper.sh	wrapper	linux	stage1/host-action	fmt --check <all-format-manifest-files>	formatted-golden:negative_int	inherited	repository	compiler	TYPELISP_STAGE1_HEARTBEAT_FD=3;fd3=parent-stderr	0	empty	empty	none	stage1-wrapper-fmt-golden-check-negative_int	-
1	stage1-wrapper-fmt-golden-check-quote	stage1-wrapper	scripts/check-stage1-wrapper.sh	wrapper	linux	stage1/host-action	fmt --check <all-format-manifest-files>	formatted-golden:quote	inherited	repository	compiler	TYPELISP_STAGE1_HEARTBEAT_FD=3;fd3=parent-stderr	0	empty	empty	none	stage1-wrapper-fmt-golden-check-quote	-
1	stage1-wrapper-fmt-golden-check-signature_colon	stage1-wrapper	scripts/check-stage1-wrapper.sh	wrapper	linux	stage1/host-action	fmt --check <all-format-manifest-files>	formatted-golden:signature_colon	inherited	repository	compiler	TYPELISP_STAGE1_HEARTBEAT_FD=3;fd3=parent-stderr	0	empty	empty	none	stage1-wrapper-fmt-golden-check-signature_colon	-
1	stage1-wrapper-fmt-golden-check-tail_comment	stage1-wrapper	scripts/check-stage1-wrapper.sh	wrapper	linux	stage1/host-action	fmt --check <all-format-manifest-files>	formatted-golden:tail_comment	inherited	repository	compiler	TYPELISP_STAGE1_HEARTBEAT_FD=3;fd3=parent-stderr	0	empty	empty	none	stage1-wrapper-fmt-golden-check-tail_comment	-
1	stage1-wrapper-fmt-check-changed	stage1-wrapper	scripts/check-stage1-wrapper.sh	wrapper	linux	stage1/host-action	fmt --check <fmt-changed.tl>	unformatted-source	inherited	repository	compiler	none	nonzero	empty	contains:would-reformat	source-byte-identical	stage1-wrapper-fmt-check-changed	-
1	stage1-wrapper-fmt-missing	stage1-wrapper	scripts/check-stage1-wrapper.sh	wrapper	linux	stage1/host-action	fmt <missing.tl>	missing-source-file	inherited	repository	compiler	none	nonzero	empty	nonempty	none	stage1-wrapper-fmt-missing	-
1	stage1-wrapper-fmt-parse-error	stage1-wrapper	scripts/check-stage1-wrapper.sh	wrapper	linux	stage1/host-action	fmt <fmt-parse-error.tl>	unclosed-delimiter	inherited	repository	compiler	none	nonzero	empty	contains:path-line-column-unclosed-delimiter	none	stage1-wrapper-fmt-parse-error	-
1	stage1-wrapper-fmt-package-check	stage1-wrapper	scripts/check-stage1-wrapper.sh	wrapper	linux	stage1/host-action	fmt --manifest-path <fmtlint.pkg> --check	package-with-unformatted-source	inherited	repository	compiler	none	nonzero	empty	contains:needs_fmt.tl	none	stage1-wrapper-fmt-package-check	-
1	stage1-wrapper-fmt-package-rewrite	stage1-wrapper	scripts/check-stage1-wrapper.sh	wrapper	linux	stage1/host-action	fmt --manifest-path <fmtlint.pkg>	package-with-unformatted-source	inherited	repository	compiler	TYPELISP_STAGE1_HEARTBEAT_FD=3;fd3=parent-stderr	0	empty	empty	rewrites:needs_fmt.tl	stage1-wrapper-fmt-package-rewrite	-
1	stage1-wrapper-fmt-package-discover	stage1-wrapper	scripts/check-stage1-wrapper.sh	wrapper	linux	stage1/host-action	fmt --check	formatted-package-discovery	inherited	fmtlint-pkg/src/nested/deeper	compiler	TYPELISP_STAGE1_HEARTBEAT_FD=3;fd3=parent-stderr	0	empty	empty	none	stage1-wrapper-fmt-package-discover	-
1	stage1-wrapper-fmt-file-manifest	stage1-wrapper	scripts/check-stage1-wrapper.sh	wrapper	linux	stage1/host-action	fmt <smoke.tl> --manifest-path <fmtlint.pkg>	file-and-manifest-conflict	inherited	repository	compiler	none	nonzero	empty	contains:cannot-combine-inputs-with-manifest	none	stage1-wrapper-fmt-file-manifest	-
1	stage1-wrapper-fmt-no-manifest	stage1-wrapper	scripts/check-stage1-wrapper.sh	wrapper	linux	stage1/host-action	fmt --check	directory-without-manifest	inherited	temporary-no-package-directory	compiler	TYPELISP_STAGE1_HEARTBEAT_FD=3;fd3=parent-stderr	nonzero	empty	contains:could-not-find-manifest	none	stage1-wrapper-fmt-no-manifest	-
1	stage1-wrapper-lint-help	stage1-wrapper	scripts/check-stage1-wrapper.sh	wrapper	linux	stage1/host-action	lint --help	lint-help	inherited	repository	compiler	TYPELISP_STAGE1_HEARTBEAT_FD=3;fd3=parent-stderr	0	empty	contains:Usage,full-command-shape,Summary	none	stage1-wrapper-lint-help	-
1	stage1-wrapper-lint-missing	stage1-wrapper	scripts/check-stage1-wrapper.sh	wrapper	linux	stage1/host-action	lint	directory-without-manifest	inherited	temporary-no-package-directory	compiler	TYPELISP_STAGE1_HEARTBEAT_FD=3;fd3=parent-stderr	nonzero	empty	contains:could-not-find-manifest	none	stage1-wrapper-lint-missing	-
1	stage1-wrapper-lint-clean	stage1-wrapper	scripts/check-stage1-wrapper.sh	wrapper	linux	stage1/host-action	lint <smoke.tl>	clean-source	inherited	repository	compiler	TYPELISP_STAGE1_HEARTBEAT_FD=3;fd3=parent-stderr	0	contains:0-findings	empty	none	stage1-wrapper-lint-clean	-
1	stage1-wrapper-lint-clean-check	stage1-wrapper	scripts/check-stage1-wrapper.sh	wrapper	linux	stage1/host-action	lint <smoke.tl> --check	clean-source-check-mode	inherited	repository	compiler	TYPELISP_STAGE1_HEARTBEAT_FD=3;fd3=parent-stderr	0	contains:0-findings	empty	none	stage1-wrapper-lint-clean-check	-
1	stage1-wrapper-lint-nested-let	stage1-wrapper	scripts/check-stage1-wrapper.sh	wrapper	linux	stage1/host-action	lint <lint_bad.tl>	one-nested-let-finding	inherited	repository	compiler	TYPELISP_STAGE1_HEARTBEAT_FD=3;fd3=parent-stderr	0	contains:path,nested-let,merge-bindings,1-finding	empty	none	stage1-wrapper-lint-nested-let	-
1	stage1-wrapper-lint-nested-let-check	stage1-wrapper	scripts/check-stage1-wrapper.sh	wrapper	linux	stage1/host-action	lint <lint_bad.tl> --check	one-nested-let-finding-check-mode	inherited	repository	compiler	none	nonzero	contains:path,nested-let,1-finding	empty	none	stage1-wrapper-lint-nested-let-check	-
1	stage1-wrapper-lint-multi	stage1-wrapper	scripts/check-stage1-wrapper.sh	wrapper	linux	stage1/host-action	lint <smoke.tl> <lint_bad.tl>	ordered-clean-and-bad-files	inherited	repository	compiler	TYPELISP_STAGE1_HEARTBEAT_FD=3;fd3=parent-stderr	0	contains:both-paths,0-and-1-findings,in-input-order	empty	none	stage1-wrapper-lint-multi	-
1	stage1-wrapper-lint-package-check	stage1-wrapper	scripts/check-stage1-wrapper.sh	wrapper	linux	stage1/host-action	lint --manifest-path <fmtlint.pkg> --check	package-with-one-lint-finding	inherited	repository	compiler	none	nonzero	contains:lint_bad.tl,1-finding	empty	none	stage1-wrapper-lint-package-check	-
1	stage1-wrapper-lint-package-discover	stage1-wrapper	scripts/check-stage1-wrapper.sh	wrapper	linux	stage1/host-action	lint	package-discovery-with-one-finding	inherited	fmtlint-pkg/src/nested/deeper	compiler	TYPELISP_STAGE1_HEARTBEAT_FD=3;fd3=parent-stderr	0	contains:lint_bad.tl	empty	none	stage1-wrapper-lint-package-discover	-
1	stage1-wrapper-lint-file-manifest	stage1-wrapper	scripts/check-stage1-wrapper.sh	wrapper	linux	stage1/host-action	lint <smoke.tl> --manifest-path <fmtlint.pkg>	one-file-and-manifest-conflict	inherited	repository	compiler	none	nonzero	empty	contains:cannot-combine-inputs-with-manifest	none	stage1-wrapper-lint-file-manifest	-
1	stage1-wrapper-lint-files-manifest	stage1-wrapper	scripts/check-stage1-wrapper.sh	wrapper	linux	stage1/host-action	lint <smoke.tl> <lint_bad.tl> --manifest-path <fmtlint.pkg>	two-files-and-manifest-conflict	inherited	repository	compiler	none	nonzero	empty	contains:cannot-combine-inputs-with-manifest	none	stage1-wrapper-lint-files-manifest	-
1	stage1-wrapper-lint-missing-file	stage1-wrapper	scripts/check-stage1-wrapper.sh	wrapper	linux	stage1/host-action	lint <missing-lint.tl>	missing-source-file	inherited	repository	compiler	none	nonzero	empty	nonempty	none	stage1-wrapper-lint-missing-file	-
1	stage1-wrapper-lint-parse-error	stage1-wrapper	scripts/check-stage1-wrapper.sh	wrapper	linux	stage1/host-action	lint <lint-parse-error.tl>	parse-error-default-mode	inherited	repository	compiler	none	nonzero	empty	nonempty	none	stage1-wrapper-lint-parse-error	-
1	stage1-wrapper-lint-parse-error-check	stage1-wrapper	scripts/check-stage1-wrapper.sh	wrapper	linux	stage1/host-action	lint <lint-parse-error.tl> --check	parse-error-check-mode	inherited	repository	compiler	none	nonzero	empty	nonempty	none	stage1-wrapper-lint-parse-error-check	-
1	stage1-wrapper-opt2-handoff-supplied	stage1-wrapper	scripts/check-stage1-wrapper.sh	delegated	linux	stage1/opt2-handoff-fixture	check-opt2-cli-regression.sh	supplied-validated-opt1-reference	inherited	repository	gate+seed+generated-compiler-processes	TYPELISP_STAGE1_HEARTBEAT_FD=3;fd3=parent-stderr;TYPELISP_BIN=fake-seed;TYPELISP_OPT2_CLI_REFERENCE_ASM=validated	0	contains:reuse-reference,cross-fixpoint-holds	not-asserted	log:seed-build,two-generated-compiles,no-seed-compile	stage1-wrapper-opt2-handoff-supplied	-
1	stage1-wrapper-opt2-handoff-standalone	stage1-wrapper	scripts/check-stage1-wrapper.sh	delegated	linux	stage1/opt2-handoff-fixture	check-opt2-cli-regression.sh	standalone-opt1-reference-generation	inherited	repository	gate+seed+generated-compiler-processes	TYPELISP_STAGE1_HEARTBEAT_FD=3;fd3=parent-stderr;TYPELISP_BIN=fake-seed;TYPELISP_OPT2_CLI_REFERENCE_ASM=unset	0	contains:converged-reference,cross-fixpoint-holds	not-asserted	log:seed-reference-compile	stage1-wrapper-opt2-handoff-standalone	-
1	stage1-wrapper-opt2-handoff-empty-reference	stage1-wrapper	scripts/check-stage1-wrapper.sh	delegated	linux	stage1/opt2-handoff-fixture	check-opt2-cli-regression.sh	empty-supplied-reference-path	inherited	repository	gate-shell-process	none;TYPELISP_OPT2_CLI_REFERENCE_ASM=empty	nonzero	not-asserted	contains:supplied-reference-path-empty	none	stage1-wrapper-opt2-handoff-empty-reference	-
1	stage1-wrapper-opt2-handoff-missing-release	stage1-wrapper	scripts/check-stage1-wrapper.sh	delegated	linux	stage1/opt2-handoff-fixture	check-opt2-cli-regression.sh	seed-skips-generated-compiler	inherited	repository	gate+seed-process	none;OPT2_HANDOFF_TEST_SKIP_GENERATED=1	nonzero	not-asserted	contains:generated-compiler-missing-or-empty	none	stage1-wrapper-opt2-handoff-missing-release	-
1	stage1-wrapper-opt2-handoff-cross-mismatch	stage1-wrapper	scripts/check-stage1-wrapper.sh	delegated	linux	stage1/opt2-handoff-fixture	check-opt2-cli-regression.sh	generated-cross-fixpoint-mismatch	inherited	repository	gate+seed+generated-compiler-processes	none;OPT2_HANDOFF_TEST_CROSS_MISMATCH=1	nonzero	not-asserted	contains:CROSS-FIXPOINT-MISMATCH	writes:mismatching-assembly	stage1-wrapper-opt2-handoff-cross-mismatch	-
