# Codegen target-dispatch boundary inventory (#5347); see scripts/check-codegen-target-dispatch.sh.
# file	scope	boundary	category	token-regex	count	rationale
src/compiler_backend.tl	compiler-backend-emit-program-linux	policy	entry	CompilerBackendTarget[.]Linux	1	Named Linux entry point for tools and tests.
src/compiler_backend.tl	compiler-backend-emit-program-linux-with-spans	policy	entry	CompilerBackendTarget[.]Linux	1	Named Linux entry point for tools and tests.
src/compiler_backend.tl	compiler-backend-emit-program-object-image-linux	policy	entry	CompilerBackendTarget[.]Linux	1	Named Linux object-image entry point for tools and tests.
src/compiler_backend.tl	compiler-backend-emit-source-pic-linux	policy	entry	CompilerBackendTarget[.]Linux	1	Named Linux PIC entry point for tools and tests.
src/compiler_backend.tl	compiler-backend-function-state-new	policy	abi	CompilerBackendTarget[.]Linux	1	A fresh function state defaults its abort target until the function target is installed.
src/compiler_backend.tl	compiler-backend-function-state-reset!	policy	abi	CompilerBackendTarget[.]Linux	1	A reset function state defaults its abort target until the function target is installed.
src/compiler_backend.tl	compiler-backend-lower-mode-for-target	policy	backend-mode	CompilerBackendTarget[.]Linux|CompilerBackendTarget[.]Windows|CompilerLowerMode[.]LinuxAvx2|CompilerLowerMode[.]LinuxAvx512|CompilerLowerMode[.]LinuxScalar|CompilerLowerMode[.]WindowsAvx2|CompilerLowerMode[.]WindowsAvx512|CompilerLowerMode[.]WindowsScalar	12	Selects the lowerer mode for a target and backend mode.
src/compiler_backend.tl	compiler-backend-raw-syscall-target-triple	policy	abi	CompilerBackendTarget[.]Linux	1	Names the one target that admits raw syscalls, for their diagnostic.
src/compiler_backend.tl	compiler-backend-state-new-with-metrics	policy	backend-mode	CompilerBackendTarget[.]Linux	1	A fresh backend state holds the Linux policy until a prepared emission installs its own.
src/compiler_backend.tl	compiler-backend-target-abi	policy	abi	CompilerBackendTarget[.]Linux|CompilerBackendTarget[.]Windows	2	Maps a target to its ABI tables.
src/compiler_backend.tl	compiler-backend-target-cfgs	policy	target-cfg	CompilerBackendTarget[.]Linux|CompilerBackendTarget[.]Windows|target-linux|target-windows	4	Target cfg names for conditional compilation.
src/compiler_backend.tl	compiler-backend-target-linux?	policy	backend-mode	CompilerBackendTarget[.]Linux|CompilerBackendTarget[.]Windows|compiler-backend-target-linux[?]	3	Target predicate for policy construction and leaf selection.
src/compiler_backend.tl	compiler-backend-target-policy-new	policy	abi	CompilerBackendTarget[.]Linux|CompilerBackendTarget[.]Windows	2	The one place a target maps to its ABI, unwind, object-format and runtime policy.
src/compiler_backend.tl	compiler-backend-target-triple	policy	entry	CompilerBackendTarget[.]Linux|CompilerBackendTarget[.]Windows|linux-x86_64|windows-x86_64	4	Spells a target name for diagnostics and fallback categories.
src/compiler_backend.tl	compiler-backend-target-windows?	policy	backend-mode	CompilerBackendTarget[.]Linux|CompilerBackendTarget[.]Windows|compiler-backend-target-windows[?]	3	Target predicate for policy construction and leaf selection.
src/compiler_backend.tl	enum:CompilerBackendTarget	policy	backend-mode	CompilerBackendTarget[.]Linux|CompilerBackendTarget[.]Windows	2	The closed set of backend targets.
src/compiler_backend.tl	compiler-backend-closure-adapter-outgoing-frame-space	adapter	abi	CompilerBackendTarget[.]Linux|CompilerBackendTarget[.]Windows	2	Selects the System V or Win64 closure-adapter frame computation.
src/compiler_backend.tl	compiler-backend-current-arena-load	adapter	runtime	CompilerBackendTarget[.]Linux|CompilerBackendTarget[.]Windows	2	Selects the runtime leaf's thread-local arena load.
src/compiler_backend.tl	compiler-backend-current-arena-store	adapter	runtime	CompilerBackendTarget[.]Linux|CompilerBackendTarget[.]Windows	2	Selects the runtime leaf's thread-local arena store.
src/compiler_backend.tl	compiler-backend-emit-linux-crt-main-argv-capture	adapter	entry	compiler-backend-target-linux[?]	1	Linux CRT entry captures argv for main.
src/compiler_backend.tl	compiler-backend-emit-windows-main-argv-capture	adapter	entry	compiler-backend-target-windows[?]	1	Windows entry captures argv for main.
src/compiler_backend.tl	compiler-backend-entry-for-target-with-crt	adapter	entry	CompilerBackendTarget[.]Linux|CompilerBackendTarget[.]Windows	2	Selects the platform process entry sequence.
src/compiler_backend.tl	compiler-backend-instr-outgoing-stack-space	adapter	abi	CompilerBackendTarget[.]Linux|CompilerBackendTarget[.]Windows	2	Selects the System V or Win64 outgoing-argument space computation.
src/compiler_backend.tl	compiler-backend-object-image-for-target	adapter	object-format	CompilerBackendTarget[.]Linux|CompilerBackendTarget[.]Windows|target-linux|target-windows	4	Selects the ELF or COFF object-image leaf.
src/compiler_backend.tl	compiler-backend-runtime-data-for-target	adapter	runtime	CompilerBackendTarget[.]Linux|CompilerBackendTarget[.]Windows	2	Selects the runtime leaf's data section.
src/compiler_backend.tl	compiler-backend-runtime-externs-for-target	adapter	runtime	CompilerBackendTarget[.]Linux|CompilerBackendTarget[.]Windows	2	Selects the runtime leaf's externs.
src/compiler_backend.tl	compiler-backend-runtime-features-for-emission	adapter	runtime	CompilerBackendTarget[.]Linux	1	Only the Linux runtime prunes its leaf functions by use.
src/compiler_backend.tl	compiler-backend-runtime-functions-for-target	adapter	runtime	CompilerBackendTarget[.]Linux|CompilerBackendTarget[.]Windows	2	Selects the runtime leaf's functions.
src/compiler_backend.tl	compiler-backend-runtime-usable-end-offset	adapter	runtime	CompilerBackendTarget[.]Linux|CompilerBackendTarget[.]Windows	2	Selects the runtime leaf's segment bound for inline allocation.
src/compiler_backend.tl	compiler-backend-target-entry-text-with-crt	adapter	entry	CompilerBackendTarget[.]Linux|CompilerBackendTarget[.]Windows	2	Selects the platform entry section text.
src/compiler_backend.tl	compiler-backend-extern-metadata-symbol-ok?	test	test-only	CompilerBackendTarget[.]Linux|CompilerBackendTarget[.]Windows	2	Self-test of extern symbol metadata on both targets.
src/compiler_backend.tl	compiler-backend-windows-driver-runtime-ok?	test	test-only	CompilerBackendTarget[.]Windows	1	Self-test of the Windows driver runtime.
src/compiler_backend_object_target_linux.tl	compiler-backend-object-target-linux-image	leaf	object-format	target-linux	1	The Linux leaf owns ELF entry and image policy.
src/compiler_backend_object_target_tests.tl	*	test	test-only	target-linux|target-windows	4	Object-target tests name the targets they exercise.
src/compiler_backend_object_target_windows.tl	compiler-backend-object-target-windows-image	leaf	object-format	target-windows	1	The Windows leaf owns COFF entry, unwind, and manifest policy.
src/compiler_backend_tests.tl	*	test	test-only	CompilerBackendTarget[.]Linux|CompilerBackendTarget[.]Windows|compiler-backend-target-windows[?]|linux-x86_64|target-linux|target-windows|windows-x86_64	390	Backend tests name the targets they exercise.
src/compiler_lower.tl	enum:CompilerLowerMode	lower	backend-mode	CompilerLowerMode[.](Linux|Windows)(Scalar|Avx2|Avx512)	6	Target-aware lower modes preserve host ABI while selecting scalar or SIMD lowering.
src/compiler_lower.tl	lower-c-abi-aggregate-class-from-layout	lower	abi	lower-mode-(linux|windows)-c-abi[?]	3	System V and Win64 C aggregate layout classes intentionally differ.
src/compiler_lower.tl	lower-c-abi-aggregate-size-message	lower	abi	lower-mode-windows-c-abi[?]	1	Win64 aggregate diagnostics describe the target-specific supported slice.
src/compiler_lower.tl	lower-c-abi-register-aggregate-fields-ok?	lower	abi	lower-mode-windows-c-abi[?]	1	Win64 scalar-field aggregate eligibility differs from System V integer-only fields.
src/compiler_lower.tl	lower-c-abi-register-aggregate-size?	lower	abi	lower-mode-windows-c-abi[?]	1	Win64 register aggregate sizes are limited to 1, 2, 4, or 8 bytes.
src/compiler_lower.tl	lower-c-abi-target-name	lower	abi	lower-mode-windows-c-abi[?]|linux-x86_64|windows-x86_64	3	C ABI diagnostics report the concrete target triple.
src/compiler_lower.tl	lower-c-abi-two-register-return-message	lower	abi	linux-x86_64	1	System V two-register aggregate return diagnostic is target-specific.
src/compiler_lower.tl	lower-internal-aggregate-class-from-size	lower	abi	lower-mode-windows-c-abi[?]	1	Internal aggregate classification selects Win64 versus System V transport from the lowering mode.
src/compiler_lower.tl	lower-internal-win64-aggregate-class	lower	abi	lower-mode-windows-c-abi[?]	1	Internal aggregate classification accepts Win64 aggregate transport only in Win64 ABI modes.
src/compiler_lower.tl	lower-mode-abi	lower	abi	CompilerLowerMode[.](Linux|Windows)(Scalar|Avx2|Avx512)	6	The C ABI axis of a lower mode: Linux-target modes select System V, Windows-target modes Win64.
src/compiler_lower.tl	lower-mode-c-abi?	lower	abi	lower-mode-(linux|windows)-c-abi[?]	2	Combined C ABI helper intentionally delegates to target-specific ABI predicates.
src/compiler_lower.tl	lower-mode-linux-c-abi?	lower	abi	lower-mode-linux-c-abi[?]	1	Linux-target lower modes select System V C ABI lowering.
src/compiler_lower.tl	lower-mode-of	lower	backend-mode	CompilerLowerMode[.](Linux|Windows)(Scalar|Avx2|Avx512)	6	Rebuilding a mode from its axes keeps the target ABI while changing the ISA mode (source dispatch).
src/compiler_lower.tl	lower-mode-simd	lower	backend-mode	CompilerLowerMode[.](Linux|Windows)(Scalar|Avx2|Avx512)	6	Target-aware lower modes project onto the same SIMD axis as the target-neutral modes.
src/compiler_lower.tl	lower-mode-windows-c-abi?	lower	abi	lower-mode-windows-c-abi[?]	1	Windows-target lower modes select Win64 C ABI lowering.
src/compiler_lower_tests.tl	compiler-lower-c-abi-linux-payload-enum-shape-ok?	test	test-only	CompilerLowerMode.LinuxScalar	1	Inline lowerer test asserts Linux C ABI payload enum aggregate shape.
src/compiler_lower_tests.tl	compiler-lower-c-abi-linux-tag-only-enum-shape-ok?	test	test-only	CompilerLowerMode.LinuxScalar	1	Inline lowerer test asserts Linux C ABI enum aggregate shape.
src/compiler_lower_tests.tl	compiler-lower-c-abi-windows-byref-aggregate-shape-ok?	test	test-only	CompilerLowerMode.WindowsScalar	1	Inline lowerer test asserts Win64 by-reference aggregate shape.
src/compiler_lower_tests.tl	compiler-lower-c-abi-windows-byref-aggregate-temps-shape-ok?	test	test-only	CompilerLowerMode.WindowsScalar	1	Inline lowerer test asserts distinct Win64 by-reference argument temporaries.
src/compiler_lower_tests.tl	compiler-lower-c-abi-windows-enum-aggregate-shape-ok?	test	test-only	CompilerLowerMode.WindowsScalar	1	Inline lowerer test asserts Win64 enum aggregate shape.
src/compiler_lower_tests.tl	compiler-lower-c-abi-windows-nested-small-aggregate-shape-ok?	test	test-only	CompilerLowerMode.WindowsScalar	1	Inline lowerer test asserts Win64 nested scalar aggregate shape.
src/compiler_lower_tests.tl	compiler-lower-c-abi-windows-small-float-aggregate-shape-ok?	test	test-only	CompilerLowerMode.WindowsScalar	1	Inline lowerer test asserts Win64 small float aggregate shape.
src/compiler_lower_tests.tl	compiler-lower-defdispatch-structural-shape-ok?	test	test-only	CompilerLowerMode[.]LinuxScalar	1	Inline lowerer structural-shape test selects the Linux scalar lower mode.
src/compiler_lower_tests.tl	compiler-lower-extern-value-fnptr-shape-ok?	test	test-only	CompilerLowerMode.LinuxScalar	1	Inline lowerer test uses Linux C ABI mode for extern function pointer shape.
src/compiler_lower_tests.tl	compiler-lower-global-reference-initializer-shape-ok?	test	test-only	CompilerLowerMode[.](Linux|Windows)Scalar	2	Inline lowerer global-reference initializer test checks target-independent global initializer lowering on Linux and Windows scalar modes.
src/compiler_lower_tests.tl	compiler-lower-internal-direct-tail-structural-param-shape-ok?	test	test-only	CompilerLowerMode[.]LinuxScalar	1	Inline lowerer direct-tail structural-shape test selects the Linux scalar lower mode.
src/compiler_lower_tests.tl	compiler-lower-internal-early-return-shape-ok?	test	test-only	CompilerLowerMode[.]LinuxScalar	1	Inline lowerer early-return shape test selects the Linux scalar lower mode.
src/compiler_lower_tests.tl	compiler-lower-internal-indirect-tail-structural-param-shape-ok?	test	test-only	CompilerLowerMode[.]LinuxScalar	1	Inline lowerer indirect-tail structural-shape test selects the Linux scalar lower mode.
src/compiler_lower_tests.tl	compiler-lower-internal-structural-call-shape-ok?	test	test-only	CompilerLowerMode[.]LinuxScalar	1	Inline lowerer structural-call shape test selects the Linux scalar lower mode.
src/compiler_lower_tests.tl	compiler-lower-internal-tuple-array-layout-ok?	test	test-only	CompilerLowerMode[.](Linux|Windows)Scalar	16	Inline lowerer tuple/array layout test checks Linux and Windows scalar lower modes.
src/compiler_lower_tests.tl	compiler-lower-internal-unsupported-diagnostics-ok?	test	test-only	CompilerLowerMode[.](Linux|Windows)Scalar|(linux|windows)-x86_64	12	Inline lowerer diagnostic test checks target-specific modes and diagnostic target names.
src/compiler_lower_tests.tl	compiler-lower-internal-windows-byref-sret-shape-ok?	test	test-only	CompilerLowerMode[.]WindowsScalar	1	Inline lowerer Windows by-reference sret shape test selects the Win64 scalar lower mode.
src/compiler_lower_tests.tl	compiler-lower-internal-windows-u8-three-shape-ok?	test	test-only	CompilerLowerMode[.]WindowsScalar	1	Inline lowerer Windows u8 aggregate shape test selects the Win64 scalar lower mode.
src/compiler_lower_tests.tl	compiler-lower-masked-preheader-windows-avx2-cap-ok?	test	test-only	CompilerLowerMode[.](Linux|Windows)Avx2	2	Inline masked-preheader test asserts the temporary platform-specific AVX2 invariant-vector bounds.
src/compiler_lower_tests.tl	compiler-lower-mutable-global-function-value-shape-ok?	test	test-only	CompilerLowerMode[.](Linux|Windows)Scalar	2	Inline lowerer mutable-global function-value test checks target-independent indirect-call lowering on Linux and Windows scalar modes.
src/compiler_lower_tests.tl	compiler-lower-slice-split-at-shape-ok?	test	test-only	CompilerLowerMode[.](Linux|Windows)Scalar	2	Inline lowerer Slice split shape test checks target-independent lowering on Linux and Windows scalar modes.
src/compiler_lower_tests.tl	compiler-lower-static-array-global-shape-ok?	test	test-only	CompilerLowerMode[.](Linux|Windows)Scalar	2	Inline lowerer static-array global test checks target-independent static-array initializer lowering on Linux and Windows scalar modes.
src/compiler_lower_tests.tl	compiler-lower-tuple-inline-storage-ok?	test	test-only	CompilerLowerMode[.](Linux|Windows)Scalar	2	Inline lowerer tuple inline-storage shape test checks target-independent lowering on Linux and Windows scalar modes.
src/compiler_lower_tests.tl	compiler-lower-windows-error-ok?	test	test-only	CompilerLowerMode.WindowsScalar	1	Inline lowerer diagnostic helper exercises Win64 C ABI failures.
src/compiler_x64_executable_template_identity.tl	compiler-x64-template-target-name	policy	entry	linux-x86_64|windows-x86_64	2	Names the template catalog's targets.
