domain	identity	targets	optimizer_effect	memory	access	provenance	ordering	failure	abi	obligation	witness	disposition	source_site
ir_instr	Mov	both	Pure	none	typed-value	typed-source	reorderable-if-dataflow	none	internal	preserve type width and bits	src/tests/compiler_ir_types_smoke.tl	checked	src/compiler_ir_types.tl:CompilerIrInstr.Mov
ir_instr	Alloc	both	MemoryWrite	write	checked-byte-count+alignment	fresh-arena-owner	effect-barrier	allocation-failure-abort	internal	check size overflow before allocation and establish owner lifetime	src/tests/compiler_ir_types_smoke.tl	checked	src/compiler_ir_types.tl:CompilerIrInstr.Alloc
ir_instr	AddrOf	both	Pure	none	address-only	live-place	reorderable-if-dataflow	none	internal	derive address without dereference and retain place provenance	src/tests/compiler_ir_types_smoke.tl	checked	src/compiler_ir_types.tl:CompilerIrInstr.AddrOf
ir_instr	Gep	both	Pure	none	scaled-offset-no-deref	base-provenance	reorderable-if-dataflow	deferred-deref-trap	internal	preserve scaled offset and downstream bounds dominance	src/tests/compiler_ir_types_smoke.tl	checked	src/compiler_ir_types.tl:CompilerIrInstr.Gep
ir_instr	OwnRoot	both	Pure	none	ownership-edge	fresh-private-root	proof-only	none	internal	new root must not alias a cleanup owner	src/tests/compiler_ir_types_smoke.tl	checked	src/compiler_ir_types.tl:CompilerIrInstr.OwnRoot
ir_instr	Load	both	MemoryRead	read	type-width+alignment	valid-initialized-referent	alias-guarded	invalid-raw-pointer-is-unsafe	internal	load only from initialized live range of the declared type	src/tests/compiler_ir_types_smoke.tl	checked	src/compiler_ir_types.tl:CompilerIrInstr.Load
ir_instr	LoadOwned	both	MemoryRead	read	type-width+alignment	checked-owner-edge	alias-guarded	none	internal	retain owner capability and forbid stale borrowed handles	src/tests/compiler_ir_types_smoke.tl	checked	src/compiler_ir_types.tl:CompilerIrInstr.LoadOwned
ir_instr	StoreOwned	both	MemoryWrite	write	type-width+alignment	checked-move-into-owner	effect-barrier	none	internal	move exactly once into fresh owned field	src/tests/compiler_ir_types_smoke.tl	checked	src/compiler_ir_types.tl:CompilerIrInstr.StoreOwned
ir_instr	StorePtr	both	MemoryWrite	write	type-width+alignment	unsafe-pointer	effect-barrier	invalid-pointer-is-unsafe	internal	caller proves range alignment initialization and lifetime	src/tests/compiler_ir_types_smoke.tl	checked	src/compiler_ir_types.tl:CompilerIrInstr.StorePtr
ir_instr	CopyBytes	both	MemoryWrite	read+write	explicit-byte-count	live-src+dst	effect-barrier	invalid-range-is-unsafe	internal	copy exact count without silently changing overlap semantics	src/tests/compiler_ir_types_smoke.tl	checked	src/compiler_ir_types.tl:CompilerIrInstr.CopyBytes
ir_instr	BoundsCheck	both	ControlFlow	none	index+length	checked-aggregate	trap-dominates-access	out-of-bounds-abort	internal	abort precedes every dependent memory access	scripts/verify-cross-mode-differential.sh	checked	src/compiler_ir_types.tl:CompilerIrInstr.BoundsCheck
ir_instr	Cast	both	Pure	none	source+target-width	typed-source	reorderable-if-dataflow	operator-specific	internal	preserve specified conversion and overflow behavior	src/tests/compiler_ir_types_smoke.tl	checked	src/compiler_ir_types.tl:CompilerIrInstr.Cast
ir_instr	Bitcast	both	Pure	none	equal-representation	typed-source	reorderable-if-dataflow	unsupported-shape-reject	internal	preserve bits and reject incompatible layouts	src/tests/compiler_ir_types_smoke.tl	checked	src/compiler_ir_types.tl:CompilerIrInstr.Bitcast
ir_instr	BinOp	both	Pure	none	operator-width	typed-operands	reorderable-if-dataflow	fatal-subset-owned-by-7608	internal	arithmetic edge conditions are not inferred from optimizer purity	src/tests/compiler_ir_types_smoke.tl	blocked:#7608	src/compiler_ir_types.tl:CompilerIrInstr.BinOp
ir_instr	UnOp	both	Pure	none	operator-width	typed-operand	reorderable-if-dataflow	none	internal	preserve width sign and floating behavior	src/tests/compiler_ir_types_smoke.tl	checked	src/compiler_ir_types.tl:CompilerIrInstr.UnOp
ir_instr	LaneId	both	Pure	none	lane-width	active-gang	mode-observable	none	spmd-private	result follows selected gang and lane identity	src/tests/compiler_ir_types_smoke.tl	checked	src/compiler_ir_types.tl:CompilerIrInstr.LaneId
ir_instr	Splat	both	Pure	none	element-width+lane-count	active-mask	mode-observable	operator-specific	spmd-private	inactive lanes cannot affect observable results	src/tests/compiler_ir_types_smoke.tl	checked	src/compiler_ir_types.tl:CompilerIrInstr.Splat
ir_instr	VectorBinOp	both	Pure	none	element-width+lane-count	active-mask	mode-observable	operator-specific	spmd-private	inactive lanes cannot affect observable results	src/tests/compiler_ir_types_smoke.tl	checked	src/compiler_ir_types.tl:CompilerIrInstr.VectorBinOp
ir_instr	VectorPrefix	both	Pure	none	lane-count+carry	active-mask	ordered-lanes	none	spmd-private	inclusive carry seed and lane order match scalar reference	src/tests/compiler_ir_types_smoke.tl	checked	src/compiler_ir_types.tl:CompilerIrInstr.VectorPrefix
ir_instr	VectorReduce	both	Pure	none	lane-count	active-mask	mode-observable	none	spmd-private	reduce only active lanes with specified tree	src/tests/compiler_ir_types_smoke.tl	checked	src/compiler_ir_types.tl:CompilerIrInstr.VectorReduce
ir_instr	VectorCompare	both	Pure	none	element-width+lane-count	active-mask	mode-observable	operator-specific	spmd-private	inactive lanes cannot affect observable results	src/tests/compiler_ir_types_smoke.tl	checked	src/compiler_ir_types.tl:CompilerIrInstr.VectorCompare
ir_instr	MaskBinOp	both	Pure	none	mask-width	active-mask	mode-observable	none	spmd-private	preserve mask truth and inactive-lane isolation	src/tests/compiler_ir_types_smoke.tl	checked	src/compiler_ir_types.tl:CompilerIrInstr.MaskBinOp
ir_instr	MaskNot	both	Pure	none	mask-width	active-mask	mode-observable	none	spmd-private	preserve mask truth and inactive-lane isolation	src/tests/compiler_ir_types_smoke.tl	checked	src/compiler_ir_types.tl:CompilerIrInstr.MaskNot
ir_instr	MaskReduce	both	Pure	none	mask-width	active-mask	mode-observable	none	spmd-private	preserve mask truth and inactive-lane isolation	src/tests/compiler_ir_types_smoke.tl	checked	src/compiler_ir_types.tl:CompilerIrInstr.MaskReduce
ir_instr	Select	both	Pure	none	element-width+lane-count	active-mask	mode-observable	operator-specific	spmd-private	inactive lanes cannot affect observable results	src/tests/compiler_ir_types_smoke.tl	checked	src/compiler_ir_types.tl:CompilerIrInstr.Select
ir_instr	VectorLoad	both	MemoryRead	read	element-width+lane-count	live-array	alias-guarded+all-lanes-active	bounds-abort-active-only	spmd-private	full-width access requires all lanes active; tails use predicated load	scripts/verify-cross-mode-differential.sh	checked	src/compiler_ir_types.tl:CompilerIrInstr.VectorLoad
ir_instr	VectorStore	both	MemoryWrite	write	element-width+lane-count	live-array	effect-barrier+all-lanes-active	bounds-abort-active-only	spmd-private	full-width access requires all lanes active; tails use predicated store	scripts/verify-cross-mode-differential.sh	checked	src/compiler_ir_types.tl:CompilerIrInstr.VectorStore
ir_instr	PredicatedStore	both	MemoryWrite	write	element-width+lane-mask	live-array	effect-barrier+active-mask	bounds-abort-active-only	spmd-private	masked-off lane must not issue a memory write	scripts/verify-cross-mode-differential.sh	checked	src/compiler_ir_types.tl:CompilerIrInstr.PredicatedStore
ir_instr	PredicatedLoad	both	MemoryRead	read	element-width+lane-mask	live-array	alias-guarded+active-mask	bounds-abort-active-only	spmd-private	masked-off lane must not issue a memory read	scripts/verify-cross-mode-differential.sh	checked	src/compiler_ir_types.tl:CompilerIrInstr.PredicatedLoad
ir_instr	GatherLoad	both	MemoryRead	read	per-lane-index+width	live-array	alias-guarded+active-mask	bounds-abort-active-only	spmd-private	validate each active lane address before access	scripts/verify-cross-mode-differential.sh	checked	src/compiler_ir_types.tl:CompilerIrInstr.GatherLoad
ir_instr	VectorShuffle	both	Unknown	none	selector+lane-count	active-mask	effect-barrier	selector-abort	spmd-private	invalid active selector aborts and inactive selector is unobserved	scripts/verify-cross-mode-differential.sh	checked	src/compiler_ir_types.tl:CompilerIrInstr.VectorShuffle
ir_instr	TailMask	both	Pure	none	start+end+lane-count	active-gang	mode-observable	none	spmd-private	mask exactly the active tail range	src/tests/compiler_ir_types_smoke.tl	checked	src/compiler_ir_types.tl:CompilerIrInstr.TailMask
ir_instr	EntryArgc	both	MemoryRead	read	pointer-width	process-entry-storage	stable-input	none	platform-entry	read argc argv envp only from initialized entry state	src/tests/compiler_ir_types_smoke.tl	checked	src/compiler_ir_types.tl:CompilerIrInstr.EntryArgc
ir_instr	EntryArgv	both	MemoryRead	read	pointer-width	process-entry-storage	stable-input	none	platform-entry	read argc argv envp only from initialized entry state	src/tests/compiler_ir_types_smoke.tl	checked	src/compiler_ir_types.tl:CompilerIrInstr.EntryArgv
ir_instr	EntryEnvp	both	MemoryRead	read	pointer-width	process-entry-storage	stable-input	none	platform-entry	read argc argv envp only from initialized entry state	src/tests/compiler_ir_types_smoke.tl	checked	src/compiler_ir_types.tl:CompilerIrInstr.EntryEnvp
ir_instr	CpuId	both	CpuProbe	none	cpu-registers	host-cpu	nonremovable	none	x86_64	preserve probe results and required ordering	src/tests/compiler_ir_types_smoke.tl	checked	src/compiler_ir_types.tl:CompilerIrInstr.CpuId
ir_instr	Xgetbv	both	CpuProbe	none	cpu-registers	host-cpu	nonremovable	none	x86_64	preserve probe results and required ordering	src/tests/compiler_ir_types_smoke.tl	checked	src/compiler_ir_types.tl:CompilerIrInstr.Xgetbv
ir_instr	Syscall	linux-x86_64	Unknown	unknown	syscall-operands	unsafe-os-boundary	effect-barrier	kernel-result	linux-syscall	unsafe caller owns kernel ABI and pointer validity	src/tests/compiler_backend_smoke.tl	checked	src/compiler_ir_types.tl:CompilerIrInstr.Syscall
ir_instr	Call	both	DynamicCall	unknown	signature-dependent	typed-function	effect-barrier	callee-dependent	typelisp	marshal arguments results clobbers and owner moves by signature	src/tests/compiler_ir_types_smoke.tl	blocked:#7608	src/compiler_ir_types.tl:CompilerIrInstr.Call
ir_instr	CallIndirect	both	Unknown	unknown	signature-dependent	typed-callable	effect-barrier	callee-dependent	typelisp	preserve callable effect and descriptor lifetime	src/tests/compiler_ir_types_smoke.tl	blocked:#7608	src/compiler_ir_types.tl:CompilerIrInstr.CallIndirect
ir_instr	CallIndirectC	both	Unknown	unknown	target-c-signature	unsafe-foreign-pointer	effect-barrier	foreign-dependent	c-abi	validate supported target signature stack class and clobbers	src/tests/compiler_ir_types_smoke.tl	blocked:#7608	src/compiler_ir_types.tl:CompilerIrInstr.CallIndirectC
ir_instr	CallCAbiStoreResult	linux-x86_64	Unknown	write	classified-result-slots	unsafe-foreign-pointer	effect-barrier	foreign-dependent	sysv-c	store classified return registers at exact aggregate offsets	src/tests/compiler_ir_types_smoke.tl	blocked:#7608	src/compiler_ir_types.tl:CompilerIrInstr.CallCAbiStoreResult
ir_instr	CallIndirectCAbiStoreResult	linux-x86_64	Unknown	write	classified-result-slots	unsafe-foreign-pointer	effect-barrier	foreign-dependent	sysv-c	store classified return registers at exact aggregate offsets	src/tests/compiler_ir_types_smoke.tl	blocked:#7608	src/compiler_ir_types.tl:CompilerIrInstr.CallIndirectCAbiStoreResult
ir_instr	SpmdCall	both	Unknown	unknown	masked-arg-shape	active-mask	effect-barrier	callee-dependent	spmd-private	match private masked signature and preserve active lanes	src/tests/compiler_ir_types_smoke.tl	blocked:#7608	src/compiler_ir_types.tl:CompilerIrInstr.SpmdCall
ir_instr	TailCall	both	ControlFlow	unknown	signature-dependent	typed-callable	terminator	callee-dependent	typelisp	restore frame and ownership before transferring control	src/tests/compiler_ir_types_smoke.tl	blocked:#7608	src/compiler_ir_types.tl:CompilerIrInstr.TailCall
ir_instr	Store	both	MemoryWrite	write	type-width+alignment	live-typed-place	effect-barrier	none	internal	store only into live aligned place with checked ownership	src/tests/compiler_ir_types_smoke.tl	checked	src/compiler_ir_types.tl:CompilerIrInstr.Store
ir_instr	Jump	both	ControlFlow	none	branch-target	typed-condition	terminator	none	internal	preserve selected successor and exhaustive-match proof	src/tests/compiler_ir_types_smoke.tl	checked	src/compiler_ir_types.tl:CompilerIrInstr.Jump
ir_instr	Branch	both	ControlFlow	none	branch-target	typed-condition	terminator	none	internal	preserve selected successor and exhaustive-match proof	src/tests/compiler_ir_types_smoke.tl	checked	src/compiler_ir_types.tl:CompilerIrInstr.Branch
ir_instr	TotalEnumBranch	both	ControlFlow	none	branch-target	typed-condition	terminator	none	internal	preserve selected successor and exhaustive-match proof	src/tests/compiler_ir_types_smoke.tl	checked	src/compiler_ir_types.tl:CompilerIrInstr.TotalEnumBranch
ir_instr	Return	both	ControlFlow	unknown	return-class	typed-result	terminator	none	target-abi	restore callee-saved state and return classified value	src/tests/compiler_ir_types_smoke.tl	checked	src/compiler_ir_types.tl:CompilerIrInstr.Return
ir_instr	Phi	both	Pure	none	incoming-type	cfg-predecessor	edge-specific	none	internal	select matching predecessor without dropping ownership	src/tests/compiler_ir_types_smoke.tl	checked	src/compiler_ir_types.tl:CompilerIrInstr.Phi
ir_instr	Pack	both	Pure	none	word-count+layout	typed-group	reorderable-if-dataflow	none	internal	preserve low-word-first group shape and owner provenance	src/tests/compiler_ir_types_smoke.tl	checked	src/compiler_ir_types.tl:CompilerIrInstr.Pack
ir_instr	Word	both	Pure	none	word-index	typed-group	reorderable-if-dataflow	invalid-index-reject	internal	extract only existing group word	src/tests/compiler_ir_types_smoke.tl	checked	src/compiler_ir_types.tl:CompilerIrInstr.Word
ir_instr	TailCallIndirect	both	ControlFlow	unknown	signature-dependent	typed-callable	terminator	callee-dependent	typelisp	restore frame and ownership before transferring control	src/tests/compiler_ir_types_smoke.tl	blocked:#7608	src/compiler_ir_types.tl:CompilerIrInstr.TailCallIndirect
ir_instr	Switch	both	ControlFlow	none	branch-target	typed-condition	terminator	none	internal	preserve selected successor and exhaustive-match proof	src/tests/compiler_ir_types_smoke.tl	checked	src/compiler_ir_types.tl:CompilerIrInstr.Switch
ir_instr	TotalEnumSwitch	both	ControlFlow	none	branch-target	typed-condition	terminator	none	internal	preserve selected successor and exhaustive-match proof	src/tests/compiler_ir_types_smoke.tl	checked	src/compiler_ir_types.tl:CompilerIrInstr.TotalEnumSwitch
ir_binop	Add	both	n/a	none	operator-width	typed-operands	reorderable-if-dataflow	none	internal	preserve signedness width and floating edge cases	src/tests/compiler_ir_types_smoke.tl	checked	src/compiler_ir_types.tl:CompilerIrBinOp.Add
ir_binop	Sub	both	n/a	none	operator-width	typed-operands	reorderable-if-dataflow	none	internal	preserve signedness width and floating edge cases	src/tests/compiler_ir_types_smoke.tl	checked	src/compiler_ir_types.tl:CompilerIrBinOp.Sub
ir_binop	Mul	both	n/a	none	operator-width	typed-operands	reorderable-if-dataflow	none	internal	preserve signedness width and floating edge cases	src/tests/compiler_ir_types_smoke.tl	checked	src/compiler_ir_types.tl:CompilerIrBinOp.Mul
ir_binop	Div	both	n/a	none	operator-width	typed-operands	fatal-order-pending-7608	division-abort-or-safe-form	internal	safe-code divide failure cannot be elided by pure effect	src/tests/compiler_ir_types_smoke.tl	blocked:#7608	src/compiler_ir_types.tl:CompilerIrBinOp.Div
ir_binop	Mod	both	n/a	none	operator-width	typed-operands	fatal-order-pending-7608	division-abort-or-safe-form	internal	safe-code divide failure cannot be elided by pure effect	src/tests/compiler_ir_types_smoke.tl	blocked:#7608	src/compiler_ir_types.tl:CompilerIrBinOp.Mod
ir_binop	SafeDiv	both	n/a	none	operator-width	typed-operands	fatal-order-pending-7608	division-abort-or-safe-form	internal	safe-code divide failure cannot be elided by pure effect	src/tests/compiler_ir_types_smoke.tl	blocked:#7608	src/compiler_ir_types.tl:CompilerIrBinOp.SafeDiv
ir_binop	SafeMod	both	n/a	none	operator-width	typed-operands	fatal-order-pending-7608	division-abort-or-safe-form	internal	safe-code divide failure cannot be elided by pure effect	src/tests/compiler_ir_types_smoke.tl	blocked:#7608	src/compiler_ir_types.tl:CompilerIrBinOp.SafeMod
ir_binop	Eq	both	n/a	none	operator-width	typed-operands	reorderable-if-dataflow	none	internal	preserve signedness width and floating edge cases	src/tests/compiler_ir_types_smoke.tl	checked	src/compiler_ir_types.tl:CompilerIrBinOp.Eq
ir_binop	Ne	both	n/a	none	operator-width	typed-operands	reorderable-if-dataflow	none	internal	preserve signedness width and floating edge cases	src/tests/compiler_ir_types_smoke.tl	checked	src/compiler_ir_types.tl:CompilerIrBinOp.Ne
ir_binop	Lt	both	n/a	none	operator-width	typed-operands	reorderable-if-dataflow	none	internal	preserve signedness width and floating edge cases	src/tests/compiler_ir_types_smoke.tl	checked	src/compiler_ir_types.tl:CompilerIrBinOp.Lt
ir_binop	Le	both	n/a	none	operator-width	typed-operands	reorderable-if-dataflow	none	internal	preserve signedness width and floating edge cases	src/tests/compiler_ir_types_smoke.tl	checked	src/compiler_ir_types.tl:CompilerIrBinOp.Le
ir_binop	Gt	both	n/a	none	operator-width	typed-operands	reorderable-if-dataflow	none	internal	preserve signedness width and floating edge cases	src/tests/compiler_ir_types_smoke.tl	checked	src/compiler_ir_types.tl:CompilerIrBinOp.Gt
ir_binop	Ge	both	n/a	none	operator-width	typed-operands	reorderable-if-dataflow	none	internal	preserve signedness width and floating edge cases	src/tests/compiler_ir_types_smoke.tl	checked	src/compiler_ir_types.tl:CompilerIrBinOp.Ge
ir_binop	BitTestEq	both	n/a	none	operator-width	typed-operands	reorderable-if-dataflow	none	internal	preserve signedness width and floating edge cases	src/tests/compiler_ir_types_smoke.tl	checked	src/compiler_ir_types.tl:CompilerIrBinOp.BitTestEq
ir_binop	BitTestNe	both	n/a	none	operator-width	typed-operands	reorderable-if-dataflow	none	internal	preserve signedness width and floating edge cases	src/tests/compiler_ir_types_smoke.tl	checked	src/compiler_ir_types.tl:CompilerIrBinOp.BitTestNe
ir_binop	And	both	n/a	none	operator-width	typed-operands	reorderable-if-dataflow	none	internal	preserve signedness width and floating edge cases	src/tests/compiler_ir_types_smoke.tl	checked	src/compiler_ir_types.tl:CompilerIrBinOp.And
ir_binop	Or	both	n/a	none	operator-width	typed-operands	reorderable-if-dataflow	none	internal	preserve signedness width and floating edge cases	src/tests/compiler_ir_types_smoke.tl	checked	src/compiler_ir_types.tl:CompilerIrBinOp.Or
ir_binop	BitAnd	both	n/a	none	operator-width	typed-operands	reorderable-if-dataflow	none	internal	preserve signedness width and floating edge cases	src/tests/compiler_ir_types_smoke.tl	checked	src/compiler_ir_types.tl:CompilerIrBinOp.BitAnd
ir_binop	BitOr	both	n/a	none	operator-width	typed-operands	reorderable-if-dataflow	none	internal	preserve signedness width and floating edge cases	src/tests/compiler_ir_types_smoke.tl	checked	src/compiler_ir_types.tl:CompilerIrBinOp.BitOr
ir_binop	BitXor	both	n/a	none	operator-width	typed-operands	reorderable-if-dataflow	none	internal	preserve signedness width and floating edge cases	src/tests/compiler_ir_types_smoke.tl	checked	src/compiler_ir_types.tl:CompilerIrBinOp.BitXor
ir_binop	Shl	both	n/a	none	shift-width	typed-operands	fatal-order-pending-7608	shift-abort	internal	out-of-range shift count must abort before emission	src/tests/compiler_ir_types_smoke.tl	blocked:#7608	src/compiler_ir_types.tl:CompilerIrBinOp.Shl
ir_binop	Shr	both	n/a	none	shift-width	typed-operands	fatal-order-pending-7608	shift-abort	internal	out-of-range shift count must abort before emission	src/tests/compiler_ir_types_smoke.tl	blocked:#7608	src/compiler_ir_types.tl:CompilerIrBinOp.Shr
ir_unop	Neg	both	n/a	none	operator-width	typed-operand	reorderable-if-dataflow	none	internal	preserve sign bitwise and sqrt semantics	src/tests/compiler_ir_types_smoke.tl	checked	src/compiler_ir_types.tl:CompilerIrUnOp.Neg
ir_unop	Not	both	n/a	none	operator-width	typed-operand	reorderable-if-dataflow	none	internal	preserve sign bitwise and sqrt semantics	src/tests/compiler_ir_types_smoke.tl	checked	src/compiler_ir_types.tl:CompilerIrUnOp.Not
ir_unop	BitNot	both	n/a	none	operator-width	typed-operand	reorderable-if-dataflow	none	internal	preserve sign bitwise and sqrt semantics	src/tests/compiler_ir_types_smoke.tl	checked	src/compiler_ir_types.tl:CompilerIrUnOp.BitNot
ir_unop	Sqrt	both	n/a	none	operator-width	typed-operand	reorderable-if-dataflow	none	internal	preserve sign bitwise and sqrt semantics	src/tests/compiler_ir_types_smoke.tl	checked	src/compiler_ir_types.tl:CompilerIrUnOp.Sqrt
ir_mask_binop	And	both	n/a	none	lane-width	active-mask	mode-observable	none	spmd-private	match scalar active-lane semantics	scripts/verify-cross-mode-differential.sh	checked	src/compiler_ir_types.tl:CompilerIrMaskBinOp.And
ir_mask_binop	Or	both	n/a	none	lane-width	active-mask	mode-observable	none	spmd-private	match scalar active-lane semantics	scripts/verify-cross-mode-differential.sh	checked	src/compiler_ir_types.tl:CompilerIrMaskBinOp.Or
ir_vector_reduce	Sum	both	n/a	none	lane-width	active-mask	mode-observable	none	spmd-private	match scalar active-lane semantics	scripts/verify-cross-mode-differential.sh	checked	src/compiler_ir_types.tl:CompilerIrVectorReduceOp.Sum
ir_vector_reduce	Min	both	n/a	none	lane-width	active-mask	mode-observable	none	spmd-private	match scalar active-lane semantics	scripts/verify-cross-mode-differential.sh	checked	src/compiler_ir_types.tl:CompilerIrVectorReduceOp.Min
ir_vector_reduce	Max	both	n/a	none	lane-width	active-mask	mode-observable	none	spmd-private	match scalar active-lane semantics	scripts/verify-cross-mode-differential.sh	checked	src/compiler_ir_types.tl:CompilerIrVectorReduceOp.Max
ir_vector_prefix	Sum	both	n/a	none	lane-width	active-mask	mode-observable	none	spmd-private	match scalar active-lane semantics	scripts/verify-cross-mode-differential.sh	checked	src/compiler_ir_types.tl:CompilerIrVectorPrefixOp.Sum
ir_vector_prefix	Min	both	n/a	none	lane-width	active-mask	mode-observable	none	spmd-private	match scalar active-lane semantics	scripts/verify-cross-mode-differential.sh	checked	src/compiler_ir_types.tl:CompilerIrVectorPrefixOp.Min
ir_vector_prefix	Max	both	n/a	none	lane-width	active-mask	mode-observable	none	spmd-private	match scalar active-lane semantics	scripts/verify-cross-mode-differential.sh	checked	src/compiler_ir_types.tl:CompilerIrVectorPrefixOp.Max
ir_vector_prefix	All	both	n/a	none	lane-width	active-mask	mode-observable	none	spmd-private	match scalar active-lane semantics	scripts/verify-cross-mode-differential.sh	checked	src/compiler_ir_types.tl:CompilerIrVectorPrefixOp.All
ir_vector_prefix	Any	both	n/a	none	lane-width	active-mask	mode-observable	none	spmd-private	match scalar active-lane semantics	scripts/verify-cross-mode-differential.sh	checked	src/compiler_ir_types.tl:CompilerIrVectorPrefixOp.Any
ir_mask_reduce	All	both	n/a	none	lane-width	active-mask	mode-observable	none	spmd-private	match scalar active-lane semantics	scripts/verify-cross-mode-differential.sh	checked	src/compiler_ir_types.tl:CompilerIrMaskReduceOp.All
ir_mask_reduce	Any	both	n/a	none	lane-width	active-mask	mode-observable	none	spmd-private	match scalar active-lane semantics	scripts/verify-cross-mode-differential.sh	checked	src/compiler_ir_types.tl:CompilerIrMaskReduceOp.Any
ir_spmd_backend	Scalar	both	n/a	none	scalar-lane	typed-program	mode-observable	none	backend	scalar reference preserves source active program order	scripts/verify-cross-mode-differential.sh	checked	src/compiler_ir_types.tl:CompilerIrSpmdBackend.Scalar
ir_spmd_backend	Avx2	both	n/a	read+write	vector-lane	active-mask	mode-observable	unsupported-shape-reject	backend	AVX2 memory and masked semantics match scalar reference	scripts/verify-cross-mode-differential.sh	checked	src/compiler_ir_types.tl:CompilerIrSpmdBackend.Avx2
ir_spmd_backend	Avx512	both	n/a	read+write	vector-lane	active-mask	mode-observable	unsupported-shape-reject	backend	AVX512 masked memory never touches inactive lanes	scripts/verify-cross-mode-differential.sh	checked	src/compiler_ir_types.tl:CompilerIrSpmdBackend.Avx512
ir_spmd_class	Uniform	both	n/a	none	lane-shape	active-mask	mode-observable	none	spmd-private	class identity controls register and mask layout	scripts/verify-cross-mode-differential.sh	checked	src/compiler_ir_types.tl:CompilerIrSpmdValueClass.Uniform
ir_spmd_class	Varying	both	n/a	none	lane-shape	active-mask	mode-observable	none	spmd-private	class identity controls register and mask layout	scripts/verify-cross-mode-differential.sh	checked	src/compiler_ir_types.tl:CompilerIrSpmdValueClass.Varying
ir_spmd_class	Mask	both	n/a	none	lane-shape	active-mask	mode-observable	none	spmd-private	class identity controls register and mask layout	scripts/verify-cross-mode-differential.sh	checked	src/compiler_ir_types.tl:CompilerIrSpmdValueClass.Mask
ir_c_return	Slot	linux-x86_64	n/a	none	slot-offset+class	classified-aggregate	ordered-abi	unsupported-class-reject	sysv-c	slot offset matches source aggregate layout	src/compiler_lower_tests.tl	checked	src/compiler_ir_types.tl:CompilerIrCAbiReturnSlot.Slot
lower_c_eightbyte	Empty	linux-x86_64	n/a	none	eightbyte-class	classified-aggregate	ordered-abi	unsupported-class-reject	sysv-c	integer and SSE classes are preserved per eightbyte	src/compiler_lower_tests.tl	checked	src/compiler_lower.tl:LowerCAbiEightbyteClass.Empty
lower_c_eightbyte	Integer	linux-x86_64	n/a	none	eightbyte-class	classified-aggregate	ordered-abi	unsupported-class-reject	sysv-c	integer and SSE classes are preserved per eightbyte	src/compiler_lower_tests.tl	checked	src/compiler_lower.tl:LowerCAbiEightbyteClass.Integer
lower_c_eightbyte	Sse	linux-x86_64	n/a	none	eightbyte-class	classified-aggregate	ordered-abi	unsupported-class-reject	sysv-c	integer and SSE classes are preserved per eightbyte	src/compiler_lower_tests.tl	checked	src/compiler_lower.tl:LowerCAbiEightbyteClass.Sse
lower_c_eightbyte	Unsupported	linux-x86_64	n/a	none	eightbyte-class	classified-aggregate	ordered-abi	unsupported-class-reject	sysv-c	integer and SSE classes are preserved per eightbyte	src/compiler_lower_tests.tl	fail-closed	src/compiler_lower.tl:LowerCAbiEightbyteClass.Unsupported
lower_c_aggregate	No	both	n/a	none	aggregate-size+alignment	repr-c-or-supported-layout	ordered-abi	unsupported-class-reject	c-abi	register memory byref and sret routes match target classifier	src/compiler_lower_tests.tl	checked	src/compiler_lower.tl:LowerCAbiAggregate.No
lower_c_aggregate	Integer	both	n/a	none	aggregate-size+alignment	repr-c-or-supported-layout	ordered-abi	unsupported-class-reject	c-abi	register memory byref and sret routes match target classifier	src/compiler_lower_tests.tl	checked	src/compiler_lower.tl:LowerCAbiAggregate.Integer
lower_c_aggregate	Register	both	n/a	none	aggregate-size+alignment	repr-c-or-supported-layout	ordered-abi	unsupported-class-reject	c-abi	register memory byref and sret routes match target classifier	src/compiler_lower_tests.tl	checked	src/compiler_lower.tl:LowerCAbiAggregate.Register
lower_c_aggregate	Memory	both	n/a	none	aggregate-size+alignment	repr-c-or-supported-layout	ordered-abi	unsupported-class-reject	c-abi	register memory byref and sret routes match target classifier	src/compiler_lower_tests.tl	checked	src/compiler_lower.tl:LowerCAbiAggregate.Memory
lower_c_aggregate	ByRef	both	n/a	none	aggregate-size+alignment	repr-c-or-supported-layout	ordered-abi	unsupported-class-reject	c-abi	register memory byref and sret routes match target classifier	src/compiler_lower_tests.tl	checked	src/compiler_lower.tl:LowerCAbiAggregate.ByRef
lower_c_aggregate	Sret	both	n/a	none	aggregate-size+alignment	repr-c-or-supported-layout	ordered-abi	unsupported-class-reject	c-abi	register memory byref and sret routes match target classifier	src/compiler_lower_tests.tl	checked	src/compiler_lower.tl:LowerCAbiAggregate.Sret
lower_c_aggregate	Unsupported	both	n/a	none	aggregate-size+alignment	repr-c-or-supported-layout	ordered-abi	unsupported-class-reject	c-abi	register memory byref and sret routes match target classifier	src/compiler_lower_tests.tl	fail-closed	src/compiler_lower.tl:LowerCAbiAggregate.Unsupported
object_instr	Label	both	n/a	none	symbol-offset	defined-symbol	emission-order	duplicate-symbol-reject	object	label names resolve to exact section offsets	src/compiler_backend_object_target_tests.tl	checked	src/compiler_object.tl:CompilerObjectX64Instr.Label
object_instr	Call	both	n/a	unknown	rel32-target	resolved-symbol	control-effect	range-or-symbol-reject	object	relocation preserves call versus tail-call target semantics	src/compiler_backend_object_target_tests.tl	checked	src/compiler_object.tl:CompilerObjectX64Instr.Call
object_instr	TailCall	both	n/a	unknown	rel32-target	resolved-symbol	control-effect	range-or-symbol-reject	object	relocation preserves call versus tail-call target semantics	src/compiler_backend_object_target_tests.tl	checked	src/compiler_object.tl:CompilerObjectX64Instr.TailCall
object_instr	Jump	both	n/a	none	rel32-target	resolved-label	control-effect	range-or-symbol-reject	object	conditional and unconditional edges retain target identity	src/compiler_backend_object_target_tests.tl	checked	src/compiler_object.tl:CompilerObjectX64Instr.Jump
object_instr	Ja	both	n/a	none	rel32-target	resolved-label	control-effect	range-or-symbol-reject	object	conditional and unconditional edges retain target identity	src/compiler_backend_object_target_tests.tl	checked	src/compiler_object.tl:CompilerObjectX64Instr.Ja
object_instr	Branch	both	n/a	none	rel32-target	resolved-label	control-effect	range-or-symbol-reject	object	conditional and unconditional edges retain target identity	src/compiler_backend_object_target_tests.tl	checked	src/compiler_object.tl:CompilerObjectX64Instr.Branch
object_instr	LoadRip	both	n/a	read	fixed-width-rip-relative	resolved-data-symbol	ordered-memory	range-or-symbol-reject	object	RIP displacement resolves within encoded range	src/compiler_backend_object_target_tests.tl	checked	src/compiler_object.tl:CompilerObjectX64Instr.LoadRip
object_instr	LoadRipAddress	both	n/a	none	fixed-width-rip-relative	resolved-data-symbol	ordered-address	range-or-symbol-reject	object	LEA computes symbol address without reading the target	src/compiler_backend_object_target_tests.tl	checked	src/compiler_object.tl:CompilerObjectX64Instr.LoadRipAddress
object_instr	LoadRipAddressR11	both	n/a	none	fixed-width-rip-relative	resolved-data-symbol	ordered-address	range-or-symbol-reject	object	LEA computes symbol address without reading the target	src/compiler_backend_object_target_tests.tl	checked	src/compiler_object.tl:CompilerObjectX64Instr.LoadRipAddressR11
object_instr	StoreRip	both	n/a	write	fixed-width-rip-relative	resolved-data-symbol	ordered-memory	range-or-symbol-reject	object	RIP displacement and store width preserve data layout	src/compiler_backend_object_target_tests.tl	checked	src/compiler_object.tl:CompilerObjectX64Instr.StoreRip
object_instr	SubRspImm8	both	n/a	none	stack-delta	aligned-live-frame	ordered-abi	caller-frame-probe-required	object	stack adjustment preserves call-site alignment and shadow space	src/compiler_backend_object_target_tests.tl	checked	src/compiler_object.tl:CompilerObjectX64Instr.SubRspImm8
object_instr	MovRcxRip	both	n/a	read	fixed-width-rip-relative	resolved-data-symbol	ordered-memory	range-or-symbol-reject	object	RIP displacement resolves within encoded range	src/compiler_backend_object_target_tests.tl	checked	src/compiler_object.tl:CompilerObjectX64Instr.MovRcxRip
object_instr	MovRdxRip	both	n/a	read	fixed-width-rip-relative	resolved-data-symbol	ordered-memory	range-or-symbol-reject	object	RIP displacement resolves within encoded range	src/compiler_backend_object_target_tests.tl	checked	src/compiler_object.tl:CompilerObjectX64Instr.MovRdxRip
object_instr	LoadRipAddressRdx	both	n/a	none	fixed-width-rip-relative	resolved-data-symbol	ordered-address	range-or-symbol-reject	object	LEA computes symbol address without reading the target	src/compiler_backend_object_target_tests.tl	checked	src/compiler_object.tl:CompilerObjectX64Instr.LoadRipAddressRdx
object_instr	StoreR14Rip	both	n/a	write	fixed-width-rip-relative	resolved-data-symbol	ordered-memory	range-or-symbol-reject	object	RIP displacement and store width preserve data layout	src/compiler_backend_object_target_tests.tl	checked	src/compiler_object.tl:CompilerObjectX64Instr.StoreR14Rip
object_instr	StoreR15Rip	both	n/a	write	fixed-width-rip-relative	resolved-data-symbol	ordered-memory	range-or-symbol-reject	object	RIP displacement and store width preserve data layout	src/compiler_backend_object_target_tests.tl	checked	src/compiler_object.tl:CompilerObjectX64Instr.StoreR15Rip
object_instr	AddRcxRip	both	n/a	read+write	fixed-width-rip-relative	resolved-data-symbol	ordered-memory	range-or-symbol-reject	object	read-modify-write retains exact width and target address	src/compiler_backend_object_target_tests.tl	checked	src/compiler_object.tl:CompilerObjectX64Instr.AddRcxRip
object_instr	MovRcxRax	both	n/a	none	fixed-register-width	live-register	ordered-abi	none	object	register move respects target clobber and value class	src/compiler_backend_object_target_tests.tl	checked	src/compiler_object.tl:CompilerObjectX64Instr.MovRcxRax
object_instr	XorpdRip	both	n/a	read	fixed-width-rip-relative	resolved-data-symbol	ordered-memory	range-or-symbol-reject	object	RIP displacement resolves within encoded range	src/compiler_backend_object_target_tests.tl	checked	src/compiler_object.tl:CompilerObjectX64Instr.XorpdRip
object_instr	Bytes	both	n/a	unknown	explicit-byte-sequence	trusted-encoder	ordered-emission	invalid-encoding-reject	object	opaque bytes require checked producer and range validation	src/compiler_backend_object_target_tests.tl	checked	src/compiler_object.tl:CompilerObjectX64Instr.Bytes
object_instr	Raw	linux-x86_64	n/a	unknown	opaque-raw-bytes	trusted-elf-producer	ordered-emission	coff-route-reject	elf	raw bytes are rejected by COFF and admitted only by ELF route	src/compiler_object_elf.tl	elf-only	src/compiler_object.tl:CompilerObjectX64Instr.Raw
object_data	Label	both	n/a	none	symbol-offset	defined-symbol	emission-order	duplicate-symbol-reject	object	label names resolve to exact section offsets	src/compiler_backend_object_target_tests.tl	checked	src/compiler_object.tl:CompilerObjectDataRecord.Label
object_data	Align	both	n/a	write	record-width	section-owned-storage	ordered-layout	overflow-reject	object	physical extent and serializer offsets agree	src/compiler_backend_object_target_tests.tl	checked	src/compiler_object.tl:CompilerObjectDataRecord.Align
object_data	Bytes	both	n/a	write	record-width	section-owned-storage	ordered-layout	overflow-reject	object	physical extent and serializer offsets agree	src/compiler_backend_object_target_tests.tl	checked	src/compiler_object.tl:CompilerObjectDataRecord.Bytes
object_data	String	both	n/a	write	record-width	section-owned-storage	ordered-layout	overflow-reject	object	physical extent and serializer offsets agree	src/compiler_backend_object_target_tests.tl	checked	src/compiler_object.tl:CompilerObjectDataRecord.String
object_data	F64	both	n/a	write	record-width	section-owned-storage	ordered-layout	overflow-reject	object	physical extent and serializer offsets agree	src/compiler_backend_object_target_tests.tl	checked	src/compiler_object.tl:CompilerObjectDataRecord.F64
object_data	F32	both	n/a	write	record-width	section-owned-storage	ordered-layout	overflow-reject	object	physical extent and serializer offsets agree	src/compiler_backend_object_target_tests.tl	checked	src/compiler_object.tl:CompilerObjectDataRecord.F32
object_data	I64	both	n/a	write	record-width	section-owned-storage	ordered-layout	overflow-reject	object	physical extent and serializer offsets agree	src/compiler_backend_object_target_tests.tl	checked	src/compiler_object.tl:CompilerObjectDataRecord.I64
object_data	Zero	both	n/a	write	record-width	section-owned-storage	ordered-layout	overflow-reject	object	physical extent and serializer offsets agree	src/compiler_backend_object_target_tests.tl	checked	src/compiler_object.tl:CompilerObjectDataRecord.Zero
object_data	SymbolAddress	both	n/a	write	record-width	section-owned-storage	ordered-layout	overflow-reject	object	physical extent and serializer offsets agree	src/compiler_backend_object_target_tests.tl	checked	src/compiler_object.tl:CompilerObjectDataRecord.SymbolAddress
object_data	SymbolRva32	windows-x86_64	n/a	write	u32-rva	resolved-image-symbol	ordered-layout	range-or-symbol-reject	coff	RVA relocation fits 32 bits and target is image-relative	src/compiler_backend_object_target_tests.tl	blocked:#7732	src/compiler_object.tl:CompilerObjectDataRecord.SymbolRva32
object_reloc	Call	both	n/a	write	rel32	resolved-symbol	link-time	range-or-symbol-reject	object	PC-relative displacement fits encoding and names one target	src/compiler_backend_object_target_tests.tl	checked	src/compiler_object.tl:CompilerObjectRelocationKind.Call
object_reloc	TailCall	both	n/a	write	rel32	resolved-symbol	link-time	range-or-symbol-reject	object	PC-relative displacement fits encoding and names one target	src/compiler_backend_object_target_tests.tl	checked	src/compiler_object.tl:CompilerObjectRelocationKind.TailCall
object_reloc	Abs64	both	n/a	write	u64-address	resolved-symbol	link-time	range-or-symbol-reject	object	absolute relocation writes exact pointer width	src/compiler_backend_object_target_tests.tl	checked	src/compiler_object.tl:CompilerObjectRelocationKind.Abs64
object_reloc	Addr32Nb	windows-x86_64	n/a	write	u32-rva	resolved-image-symbol	link-time	range-or-symbol-reject	coff	image-relative relocation fits target field	src/compiler_backend_object_target_tests.tl	checked	src/compiler_object.tl:CompilerObjectRelocationKind.Addr32Nb
object_reloc	RipValue	both	n/a	write	rel32	resolved-symbol	link-time	range-or-symbol-reject	object	PC-relative displacement fits encoding and names one target	src/compiler_backend_object_target_tests.tl	checked	src/compiler_object.tl:CompilerObjectRelocationKind.RipValue
object_reloc	RipAddress	both	n/a	write	rel32	resolved-symbol	link-time	range-or-symbol-reject	object	PC-relative displacement fits encoding and names one target	src/compiler_backend_object_target_tests.tl	checked	src/compiler_object.tl:CompilerObjectRelocationKind.RipAddress
object_reloc	Branch	both	n/a	write	rel32	resolved-symbol	link-time	range-or-symbol-reject	object	PC-relative displacement fits encoding and names one target	src/compiler_backend_object_target_tests.tl	checked	src/compiler_object.tl:CompilerObjectRelocationKind.Branch
object_section	Text	both	n/a	write	section-alignment	owned-records	ordered-layout	overflow-reject	object	section extent and symbol offsets remain consistent	src/compiler_backend_object_target_tests.tl	checked	src/compiler_object.tl:CompilerObjectSectionKind.Text
object_section	Data	both	n/a	write	section-alignment	owned-records	ordered-layout	overflow-reject	object	section extent and symbol offsets remain consistent	src/compiler_backend_object_target_tests.tl	checked	src/compiler_object.tl:CompilerObjectSectionKind.Data
object_section	Rodata	both	n/a	write	section-alignment	owned-records	ordered-layout	overflow-reject	object	section extent and symbol offsets remain consistent	src/compiler_backend_object_target_tests.tl	checked	src/compiler_object.tl:CompilerObjectSectionKind.Rodata
object_section	Bss	both	n/a	write	section-alignment	owned-records	ordered-layout	overflow-reject	object	section extent and symbol offsets remain consistent	src/compiler_backend_object_target_tests.tl	checked	src/compiler_object.tl:CompilerObjectSectionKind.Bss
object_section	Pdata	windows-x86_64	n/a	write	section-alignment	owned-records	ordered-layout	overflow-reject	coff	Windows unwind and resource sections retain PE applicability	src/compiler_backend_object_target_tests.tl	checked	src/compiler_object.tl:CompilerObjectSectionKind.Pdata
object_section	Xdata	windows-x86_64	n/a	write	section-alignment	owned-records	ordered-layout	overflow-reject	coff	Windows unwind and resource sections retain PE applicability	src/compiler_backend_object_target_tests.tl	checked	src/compiler_object.tl:CompilerObjectSectionKind.Xdata
object_section	Rsrc	windows-x86_64	n/a	write	section-alignment	owned-records	ordered-layout	overflow-reject	coff	Windows unwind and resource sections retain PE applicability	src/compiler_backend_object_target_tests.tl	checked	src/compiler_object.tl:CompilerObjectSectionKind.Rsrc
object_binding	Local	both	n/a	none	symbol-kind	resolved-or-extern	link-time	duplicate-or-missing-reject	object	binding kind and target section are not conflated	src/compiler_backend_object_target_tests.tl	checked	src/compiler_object.tl:CompilerObjectSymbolBinding.Local
object_binding	Export	both	n/a	none	symbol-kind	resolved-or-extern	link-time	duplicate-or-missing-reject	object	binding kind and target section are not conflated	src/compiler_backend_object_target_tests.tl	checked	src/compiler_object.tl:CompilerObjectSymbolBinding.Export
object_binding	Extern	both	n/a	none	symbol-kind	resolved-or-extern	link-time	duplicate-or-missing-reject	object	binding kind and target section are not conflated	src/compiler_backend_object_target_tests.tl	checked	src/compiler_object.tl:CompilerObjectSymbolBinding.Extern
object_symbol	Function	both	n/a	none	symbol-kind	resolved-or-extern	link-time	duplicate-or-missing-reject	object	binding kind and target section are not conflated	src/compiler_backend_object_target_tests.tl	checked	src/compiler_object.tl:CompilerObjectSymbolKind.Function
object_symbol	Data	both	n/a	none	symbol-kind	resolved-or-extern	link-time	duplicate-or-missing-reject	object	binding kind and target section are not conflated	src/compiler_backend_object_target_tests.tl	checked	src/compiler_object.tl:CompilerObjectSymbolKind.Data
object_symbol	Section	both	n/a	none	symbol-kind	resolved-or-extern	link-time	duplicate-or-missing-reject	object	binding kind and target section are not conflated	src/compiler_backend_object_target_tests.tl	checked	src/compiler_object.tl:CompilerObjectSymbolKind.Section
object_symbol	Runtime	both	n/a	none	symbol-kind	resolved-or-extern	link-time	duplicate-or-missing-reject	object	binding kind and target section are not conflated	src/compiler_backend_object_target_tests.tl	checked	src/compiler_object.tl:CompilerObjectSymbolKind.Runtime
target_abi	Linux	linux-x86_64	n/a	read+write	sysv-arg-return-class	typed-call	ordered-abi	unsupported-signature-reject	sysv	six GP and eight SSE argument registers; sixteen-byte call alignment; caller-save and return class preserved	src/compiler_regalloc_tests.tl	checked	src/compiler_abi.tl:CompilerRegTargetAbi.Linux
target_abi	Windows	windows-x86_64	n/a	read+write	win64-arg-return-class	typed-call	ordered-abi	unsupported-signature-reject	win64	four positional registers; 32-byte shadow space; sixteen-byte call alignment; nonvolatile GP and XMM preserved	src/compiler_regalloc_tests.tl	checked	src/compiler_abi.tl:CompilerRegTargetAbi.Windows
backend_target	Linux	linux-x86_64	n/a	read+write	sysv-arg-return-class	typed-call	ordered-abi	unsupported-signature-reject	sysv	six GP and eight SSE argument registers; sixteen-byte call alignment; caller-save and return class preserved	src/compiler_regalloc_tests.tl	checked	src/compiler_backend.tl:CompilerBackendTarget.Linux
backend_target	Windows	windows-x86_64	n/a	read+write	win64-arg-return-class	typed-call	ordered-abi	unsupported-signature-reject	win64	four positional registers; 32-byte shadow space; sixteen-byte call alignment; nonvolatile GP and XMM preserved	src/compiler_regalloc_tests.tl	checked	src/compiler_backend.tl:CompilerBackendTarget.Windows
backend_mode	Scalar	both	n/a	none	scalar-lane	typed-program	mode-observable	none	backend	scalar reference preserves source active program order	scripts/verify-cross-mode-differential.sh	checked	src/compiler_backend.tl:CompilerBackendMode.Scalar
backend_mode	Avx2	both	n/a	read+write	vector-lane	active-mask	mode-observable	unsupported-shape-reject	backend	AVX2 memory and masked semantics match scalar reference	scripts/verify-cross-mode-differential.sh	checked	src/compiler_backend.tl:CompilerBackendMode.Avx2
backend_mode	Avx512	both	n/a	read+write	vector-lane	active-mask	mode-observable	unsupported-shape-reject	backend	AVX512 masked memory never touches inactive lanes	scripts/verify-cross-mode-differential.sh	checked	src/compiler_backend.tl:CompilerBackendMode.Avx512
object_abi_context	Call	both	n/a	read+write	scalar-intlike-subset	typed-call	ordered-abi	unsupported-signature-reject	object	fail closed outside currently witnessed direct-object call entry return subset	src/compiler_backend_object_target_tests.tl	subset:#7434	src/compiler_backend.tl:CompilerBackendObjectAbiContext.Call
object_abi_context	FunctionEntry	both	n/a	read+write	scalar-intlike-subset	typed-call	ordered-abi	unsupported-signature-reject	object	fail closed outside currently witnessed direct-object call entry return subset	src/compiler_backend_object_target_tests.tl	subset:#7434	src/compiler_backend.tl:CompilerBackendObjectAbiContext.FunctionEntry
object_abi_context	FunctionReturn	both	n/a	read+write	scalar-intlike-subset	typed-call	ordered-abi	unsupported-signature-reject	object	fail closed outside currently witnessed direct-object call entry return subset	src/compiler_backend_object_target_tests.tl	subset:#7434	src/compiler_backend.tl:CompilerBackendObjectAbiContext.FunctionReturn
reg_scratch_class	Gp	both	n/a	none	gp-register	live-interval	ordered-abi	spill-or-reject	regalloc	scratch home must not overlap live owner or reserved target register	src/compiler_regalloc_tests.tl	checked	src/compiler_regalloc.tl:CompilerRegScratchClass.Gp
reg_scratch_class	Xmm	both	n/a	none	xmm-register	live-interval	ordered-abi	spill-or-reject	regalloc	XMM scratch home must respect vector class and caller clobber	src/compiler_regalloc_tests.tl	checked	src/compiler_regalloc.tl:CompilerRegScratchClass.Xmm
reg_scratch_role	CallTarget	both	n/a	none	constraint-carried-register-class	live-interval	ordered-abi	spill-or-reject	regalloc	per-instance class allowed excluded and fixed homes cannot overlap live owner values	src/compiler_regalloc_tests.tl	checked	src/compiler_regalloc.tl:CompilerRegScratchRole.CallTarget
reg_scratch_role	CallStage	both	n/a	none	constraint-carried-register-class	live-interval	ordered-abi	spill-or-reject	regalloc	per-instance class allowed excluded and fixed homes cannot overlap live owner values	src/compiler_regalloc_tests.tl	checked	src/compiler_regalloc.tl:CompilerRegScratchRole.CallStage
reg_scratch_role	CallMemoryXmm	both	n/a	none	constraint-carried-register-class	live-interval	ordered-abi	spill-or-reject	regalloc	per-instance class allowed excluded and fixed homes cannot overlap live owner values	src/compiler_regalloc_tests.tl	checked	src/compiler_regalloc.tl:CompilerRegScratchRole.CallMemoryXmm
reg_scratch_role	AggregateWord	both	n/a	none	constraint-carried-register-class	live-interval	ordered-abi	spill-or-reject	regalloc	per-instance class allowed excluded and fixed homes cannot overlap live owner values	src/compiler_regalloc_tests.tl	checked	src/compiler_regalloc.tl:CompilerRegScratchRole.AggregateWord
reg_scratch_role	PhiCycle	both	n/a	none	constraint-carried-register-class	live-interval	ordered-abi	spill-or-reject	regalloc	per-instance class allowed excluded and fixed homes cannot overlap live owner values	src/compiler_regalloc_tests.tl	checked	src/compiler_regalloc.tl:CompilerRegScratchRole.PhiCycle
reg_scratch_role	PhiCycleXmm	both	n/a	none	constraint-carried-register-class	live-interval	ordered-abi	spill-or-reject	regalloc	per-instance class allowed excluded and fixed homes cannot overlap live owner values	src/compiler_regalloc_tests.tl	checked	src/compiler_regalloc.tl:CompilerRegScratchRole.PhiCycleXmm
reg_scratch_role	PhiStage	both	n/a	none	constraint-carried-register-class	live-interval	ordered-abi	spill-or-reject	regalloc	per-instance class allowed excluded and fixed homes cannot overlap live owner values	src/compiler_regalloc_tests.tl	checked	src/compiler_regalloc.tl:CompilerRegScratchRole.PhiStage
reg_scratch_role	SwitchIndex	both	n/a	none	constraint-carried-register-class	live-interval	ordered-abi	spill-or-reject	regalloc	per-instance class allowed excluded and fixed homes cannot overlap live owner values	src/compiler_regalloc_tests.tl	checked	src/compiler_regalloc.tl:CompilerRegScratchRole.SwitchIndex
reg_scratch_role	SwitchTable	both	n/a	none	constraint-carried-register-class	live-interval	ordered-abi	spill-or-reject	regalloc	per-instance class allowed excluded and fixed homes cannot overlap live owner values	src/compiler_regalloc_tests.tl	checked	src/compiler_regalloc.tl:CompilerRegScratchRole.SwitchTable
reg_scratch_role	BoundsLength	both	n/a	none	constraint-carried-register-class	live-interval	ordered-abi	spill-or-reject	regalloc	per-instance class allowed excluded and fixed homes cannot overlap live owner values	src/compiler_regalloc_tests.tl	checked	src/compiler_regalloc.tl:CompilerRegScratchRole.BoundsLength
reg_scratch_role	BoundsIndex	both	n/a	none	constraint-carried-register-class	live-interval	ordered-abi	spill-or-reject	regalloc	per-instance class allowed excluded and fixed homes cannot overlap live owner values	src/compiler_regalloc_tests.tl	checked	src/compiler_regalloc.tl:CompilerRegScratchRole.BoundsIndex
reg_scratch_role	ShuffleActive	both	n/a	none	constraint-carried-register-class	live-interval	ordered-abi	spill-or-reject	regalloc	per-instance class allowed excluded and fixed homes cannot overlap live owner values	src/compiler_regalloc_tests.tl	checked	src/compiler_regalloc.tl:CompilerRegScratchRole.ShuffleActive
reg_scratch_role	ShuffleSelector	both	n/a	none	constraint-carried-register-class	live-interval	ordered-abi	spill-or-reject	regalloc	per-instance class allowed excluded and fixed homes cannot overlap live owner values	src/compiler_regalloc_tests.tl	checked	src/compiler_regalloc.tl:CompilerRegScratchRole.ShuffleSelector
reg_scratch_role	MemoryAddress	both	n/a	none	constraint-carried-register-class	live-interval	ordered-abi	spill-or-reject	regalloc	per-instance class allowed excluded and fixed homes cannot overlap live owner values	src/compiler_regalloc_tests.tl	checked	src/compiler_regalloc.tl:CompilerRegScratchRole.MemoryAddress
reg_scratch_role	MemoryIndex	both	n/a	none	constraint-carried-register-class	live-interval	ordered-abi	spill-or-reject	regalloc	per-instance class allowed excluded and fixed homes cannot overlap live owner values	src/compiler_regalloc_tests.tl	checked	src/compiler_regalloc.tl:CompilerRegScratchRole.MemoryIndex
reg_scratch_role	MemoryValue	both	n/a	none	constraint-carried-register-class	live-interval	ordered-abi	spill-or-reject	regalloc	per-instance class allowed excluded and fixed homes cannot overlap live owner values	src/compiler_regalloc_tests.tl	checked	src/compiler_regalloc.tl:CompilerRegScratchRole.MemoryValue
reg_scratch_role	CopyDst	both	n/a	none	constraint-carried-register-class	live-interval	ordered-abi	spill-or-reject	regalloc	per-instance class allowed excluded and fixed homes cannot overlap live owner values	src/compiler_regalloc_tests.tl	checked	src/compiler_regalloc.tl:CompilerRegScratchRole.CopyDst
reg_scratch_role	CopySrc	both	n/a	none	constraint-carried-register-class	live-interval	ordered-abi	spill-or-reject	regalloc	per-instance class allowed excluded and fixed homes cannot overlap live owner values	src/compiler_regalloc_tests.tl	checked	src/compiler_regalloc.tl:CompilerRegScratchRole.CopySrc
reg_scratch_role	CopyValue	both	n/a	none	constraint-carried-register-class	live-interval	ordered-abi	spill-or-reject	regalloc	per-instance class allowed excluded and fixed homes cannot overlap live owner values	src/compiler_regalloc_tests.tl	checked	src/compiler_regalloc.tl:CompilerRegScratchRole.CopyValue
reg_scratch_role	CopyValueXmm	both	n/a	none	constraint-carried-register-class	live-interval	ordered-abi	spill-or-reject	regalloc	per-instance class allowed excluded and fixed homes cannot overlap live owner values	src/compiler_regalloc_tests.tl	checked	src/compiler_regalloc.tl:CompilerRegScratchRole.CopyValueXmm
reg_scratch_role	SplatValueGp	both	n/a	none	constraint-carried-register-class	live-interval	ordered-abi	spill-or-reject	regalloc	per-instance class allowed excluded and fixed homes cannot overlap live owner values	src/compiler_regalloc_tests.tl	checked	src/compiler_regalloc.tl:CompilerRegScratchRole.SplatValueGp
reg_scratch_role	SplatValueXmm	both	n/a	none	constraint-carried-register-class	live-interval	ordered-abi	spill-or-reject	regalloc	per-instance class allowed excluded and fixed homes cannot overlap live owner values	src/compiler_regalloc_tests.tl	checked	src/compiler_regalloc.tl:CompilerRegScratchRole.SplatValueXmm
reg_scratch_role	SimdAddressBase	both	n/a	none	constraint-carried-register-class	live-interval	ordered-abi	spill-or-reject	regalloc	per-instance class allowed excluded and fixed homes cannot overlap live owner values	src/compiler_regalloc_tests.tl	checked	src/compiler_regalloc.tl:CompilerRegScratchRole.SimdAddressBase
reg_scratch_role	SimdAddressIndex	both	n/a	none	constraint-carried-register-class	live-interval	ordered-abi	spill-or-reject	regalloc	per-instance class allowed excluded and fixed homes cannot overlap live owner values	src/compiler_regalloc_tests.tl	checked	src/compiler_regalloc.tl:CompilerRegScratchRole.SimdAddressIndex
reg_scratch_role	TailMaskCount	both	n/a	none	constraint-carried-register-class	live-interval	ordered-abi	spill-or-reject	regalloc	per-instance class allowed excluded and fixed homes cannot overlap live owner values	src/compiler_regalloc_tests.tl	checked	src/compiler_regalloc.tl:CompilerRegScratchRole.TailMaskCount
reg_scratch_role	TailMaskIndex	both	n/a	none	constraint-carried-register-class	live-interval	ordered-abi	spill-or-reject	regalloc	per-instance class allowed excluded and fixed homes cannot overlap live owner values	src/compiler_regalloc_tests.tl	checked	src/compiler_regalloc.tl:CompilerRegScratchRole.TailMaskIndex
reg_scratch_role	TailMaskBits	both	n/a	none	constraint-carried-register-class	live-interval	ordered-abi	spill-or-reject	regalloc	per-instance class allowed excluded and fixed homes cannot overlap live owner values	src/compiler_regalloc_tests.tl	checked	src/compiler_regalloc.tl:CompilerRegScratchRole.TailMaskBits
reg_scratch_role	VectorPrefixCarry	both	n/a	none	constraint-carried-register-class	live-interval	ordered-abi	spill-or-reject	regalloc	per-instance class allowed excluded and fixed homes cannot overlap live owner values	src/compiler_regalloc_tests.tl	checked	src/compiler_regalloc.tl:CompilerRegScratchRole.VectorPrefixCarry
reg_scratch_role	VectorPrefixBits	both	n/a	none	constraint-carried-register-class	live-interval	ordered-abi	spill-or-reject	regalloc	per-instance class allowed excluded and fixed homes cannot overlap live owner values	src/compiler_regalloc_tests.tl	checked	src/compiler_regalloc.tl:CompilerRegScratchRole.VectorPrefixBits
reg_scratch_role	VectorPrefixValue	both	n/a	none	constraint-carried-register-class	live-interval	ordered-abi	spill-or-reject	regalloc	per-instance class allowed excluded and fixed homes cannot overlap live owner values	src/compiler_regalloc_tests.tl	checked	src/compiler_regalloc.tl:CompilerRegScratchRole.VectorPrefixValue
reg_scratch_role	VectorPrefixWork0	both	n/a	none	constraint-carried-register-class	live-interval	ordered-abi	spill-or-reject	regalloc	per-instance class allowed excluded and fixed homes cannot overlap live owner values	src/compiler_regalloc_tests.tl	checked	src/compiler_regalloc.tl:CompilerRegScratchRole.VectorPrefixWork0
reg_scratch_role	VectorPrefixWork1	both	n/a	none	constraint-carried-register-class	live-interval	ordered-abi	spill-or-reject	regalloc	per-instance class allowed excluded and fixed homes cannot overlap live owner values	src/compiler_regalloc_tests.tl	checked	src/compiler_regalloc.tl:CompilerRegScratchRole.VectorPrefixWork1
reg_scratch_role	VectorReduceAccumulator	both	n/a	none	constraint-carried-register-class	live-interval	ordered-abi	spill-or-reject	regalloc	per-instance class allowed excluded and fixed homes cannot overlap live owner values	src/compiler_regalloc_tests.tl	checked	src/compiler_regalloc.tl:CompilerRegScratchRole.VectorReduceAccumulator
reg_scratch_role	VectorReduceScratch	both	n/a	none	constraint-carried-register-class	live-interval	ordered-abi	spill-or-reject	regalloc	per-instance class allowed excluded and fixed homes cannot overlap live owner values	src/compiler_regalloc_tests.tl	checked	src/compiler_regalloc.tl:CompilerRegScratchRole.VectorReduceScratch
reg_scratch_role	FloatCastValueXmm	both	n/a	none	constraint-carried-register-class	live-interval	ordered-abi	spill-or-reject	regalloc	per-instance class allowed excluded and fixed homes cannot overlap live owner values	src/compiler_regalloc_tests.tl	checked	src/compiler_regalloc.tl:CompilerRegScratchRole.FloatCastValueXmm
reg_scratch_role	FloatCastValueGp	both	n/a	none	constraint-carried-register-class	live-interval	ordered-abi	spill-or-reject	regalloc	per-instance class allowed excluded and fixed homes cannot overlap live owner values	src/compiler_regalloc_tests.tl	checked	src/compiler_regalloc.tl:CompilerRegScratchRole.FloatCastValueGp
reg_scratch_role	FloatCastScratchGp	both	n/a	none	constraint-carried-register-class	live-interval	ordered-abi	spill-or-reject	regalloc	per-instance class allowed excluded and fixed homes cannot overlap live owner values	src/compiler_regalloc_tests.tl	checked	src/compiler_regalloc.tl:CompilerRegScratchRole.FloatCastScratchGp
reg_scratch_role	FloatBitcastValueXmm	both	n/a	none	constraint-carried-register-class	live-interval	ordered-abi	spill-or-reject	regalloc	per-instance class allowed excluded and fixed homes cannot overlap live owner values	src/compiler_regalloc_tests.tl	checked	src/compiler_regalloc.tl:CompilerRegScratchRole.FloatBitcastValueXmm
reg_scratch_role	FloatBitcastValueGp	both	n/a	none	constraint-carried-register-class	live-interval	ordered-abi	spill-or-reject	regalloc	per-instance class allowed excluded and fixed homes cannot overlap live owner values	src/compiler_regalloc_tests.tl	checked	src/compiler_regalloc.tl:CompilerRegScratchRole.FloatBitcastValueGp
reg_scratch_role	FloatMoveValueXmm	both	n/a	none	constraint-carried-register-class	live-interval	ordered-abi	spill-or-reject	regalloc	per-instance class allowed excluded and fixed homes cannot overlap live owner values	src/compiler_regalloc_tests.tl	checked	src/compiler_regalloc.tl:CompilerRegScratchRole.FloatMoveValueXmm
reg_scratch_role	FloatMemoryValueXmm	both	n/a	none	constraint-carried-register-class	live-interval	ordered-abi	spill-or-reject	regalloc	per-instance class allowed excluded and fixed homes cannot overlap live owner values	src/compiler_regalloc_tests.tl	checked	src/compiler_regalloc.tl:CompilerRegScratchRole.FloatMemoryValueXmm
reg_scratch_role	FloatArithmeticResultXmm	both	n/a	none	constraint-carried-register-class	live-interval	ordered-abi	spill-or-reject	regalloc	per-instance class allowed excluded and fixed homes cannot overlap live owner values	src/compiler_regalloc_tests.tl	checked	src/compiler_regalloc.tl:CompilerRegScratchRole.FloatArithmeticResultXmm
reg_scratch_role	FloatArithmeticRhsXmm	both	n/a	none	constraint-carried-register-class	live-interval	ordered-abi	spill-or-reject	regalloc	per-instance class allowed excluded and fixed homes cannot overlap live owner values	src/compiler_regalloc_tests.tl	checked	src/compiler_regalloc.tl:CompilerRegScratchRole.FloatArithmeticRhsXmm
reg_scratch_role	FloatCompareLhsXmm	both	n/a	none	constraint-carried-register-class	live-interval	ordered-abi	spill-or-reject	regalloc	per-instance class allowed excluded and fixed homes cannot overlap live owner values	src/compiler_regalloc_tests.tl	checked	src/compiler_regalloc.tl:CompilerRegScratchRole.FloatCompareLhsXmm
reg_scratch_role	FloatCompareRhsXmm	both	n/a	none	constraint-carried-register-class	live-interval	ordered-abi	spill-or-reject	regalloc	per-instance class allowed excluded and fixed homes cannot overlap live owner values	src/compiler_regalloc_tests.tl	checked	src/compiler_regalloc.tl:CompilerRegScratchRole.FloatCompareRhsXmm
reg_scratch_role	FloatCompareResultGp	both	n/a	none	constraint-carried-register-class	live-interval	ordered-abi	spill-or-reject	regalloc	per-instance class allowed excluded and fixed homes cannot overlap live owner values	src/compiler_regalloc_tests.tl	checked	src/compiler_regalloc.tl:CompilerRegScratchRole.FloatCompareResultGp
reg_scratch_role	FloatUnaryResultXmm	both	n/a	none	constraint-carried-register-class	live-interval	ordered-abi	spill-or-reject	regalloc	per-instance class allowed excluded and fixed homes cannot overlap live owner values	src/compiler_regalloc_tests.tl	checked	src/compiler_regalloc.tl:CompilerRegScratchRole.FloatUnaryResultXmm
reg_scratch_role	FloatReturnResultXmm	both	n/a	none	constraint-carried-register-class	live-interval	ordered-abi	spill-or-reject	regalloc	per-instance class allowed excluded and fixed homes cannot overlap live owner values	src/compiler_regalloc_tests.tl	checked	src/compiler_regalloc.tl:CompilerRegScratchRole.FloatReturnResultXmm
reg_scratch_role	FloatReturnResultGp	both	n/a	none	constraint-carried-register-class	live-interval	ordered-abi	spill-or-reject	regalloc	per-instance class allowed excluded and fixed homes cannot overlap live owner values	src/compiler_regalloc_tests.tl	checked	src/compiler_regalloc.tl:CompilerRegScratchRole.FloatReturnResultGp
reg_scratch_role	ScalarPrimary	both	n/a	none	constraint-carried-register-class	live-interval	ordered-abi	spill-or-reject	regalloc	per-instance class allowed excluded and fixed homes cannot overlap live owner values	src/compiler_regalloc_tests.tl	checked	src/compiler_regalloc.tl:CompilerRegScratchRole.ScalarPrimary
reg_scratch_role	ScalarSecondary	both	n/a	none	constraint-carried-register-class	live-interval	ordered-abi	spill-or-reject	regalloc	per-instance class allowed excluded and fixed homes cannot overlap live owner values	src/compiler_regalloc_tests.tl	checked	src/compiler_regalloc.tl:CompilerRegScratchRole.ScalarSecondary
reg_scratch_role	ScalarTertiary	both	n/a	none	constraint-carried-register-class	live-interval	ordered-abi	spill-or-reject	regalloc	per-instance class allowed excluded and fixed homes cannot overlap live owner values	src/compiler_regalloc_tests.tl	checked	src/compiler_regalloc.tl:CompilerRegScratchRole.ScalarTertiary
reg_scratch_role	FixedRax	both	n/a	none	fixed-register	live-interval	ordered-abi	spill-or-reject	regalloc	fixed RAX RDX RCX reservations exclude competing live values	src/compiler_regalloc_tests.tl	checked	src/compiler_regalloc.tl:CompilerRegScratchRole.FixedRax
reg_scratch_role	FixedRdx	both	n/a	none	fixed-register	live-interval	ordered-abi	spill-or-reject	regalloc	fixed RAX RDX RCX reservations exclude competing live values	src/compiler_regalloc_tests.tl	checked	src/compiler_regalloc.tl:CompilerRegScratchRole.FixedRdx
reg_scratch_role	FixedRcx	both	n/a	none	fixed-register	live-interval	ordered-abi	spill-or-reject	regalloc	fixed RAX RDX RCX reservations exclude competing live values	src/compiler_regalloc_tests.tl	checked	src/compiler_regalloc.tl:CompilerRegScratchRole.FixedRcx
reg_scratch_role	BranchTest	both	n/a	none	constraint-carried-register-class	live-interval	ordered-abi	spill-or-reject	regalloc	per-instance class allowed excluded and fixed homes cannot overlap live owner values	src/compiler_regalloc_tests.tl	checked	src/compiler_regalloc.tl:CompilerRegScratchRole.BranchTest
reg_scratch_role	CpuIdSave	both	n/a	none	constraint-carried-register-class	live-interval	ordered-abi	spill-or-reject	regalloc	per-instance class allowed excluded and fixed homes cannot overlap live owner values	src/compiler_regalloc_tests.tl	checked	src/compiler_regalloc.tl:CompilerRegScratchRole.CpuIdSave
