variant	id_name	producer	target	abi	feature	render_kind	contribution_kind	entry_anchor	interior_anchors	end_anchor	terminal	events	event_count	expected_rendered_size	expected_rendered_hash
CommonProfile	common-profile	compiler_backend_runtime_common.tl:compiler-backend-runtime-profile-functions	0:AnyX64	0:InternalX64	4:Profile	0:Assembly	0:RuntimeFunctions	tl_profile_alloc_total	tl_profile_alloc_live\ntl_profile_alloc_peak\ntl_profile_alloc_reset_peak	tl_profile_alloc_reset_peak:end	1:Returns	R\nR\nR\nR	4	540	935303505
CommonStartupProfile	common-startup-profile	compiler_backend_runtime_common.tl:compiler-backend-runtime-startup-profile-functions	0:AnyX64	0:InternalX64	5:StartupProfile	0:Assembly	0:RuntimeFunctions	tl_startup_profile_process_entry_tick		tl_startup_profile_process_entry_tick:end	1:Returns	R	1	169	1614497857
LinuxRuntimeMemcpy	linux-runtime-memcpy	compiler_backend_runtime_linux.tl:compiler-backend-runtime-memcpy-functions	1:LinuxX64	1:SystemV	0:Always	0:Assembly	0:RuntimeFunctions	tl_memcpy	tl_memcpy_fresh\ntl_mem_copy_fwd\ntl_mem_copy8_fwd	tl_mem_copy8_fwd:end	1:Returns	B\nB\nR\nR\nB\nB\nB\nB\nR\nB\nB\nB\nB\nR\nR	15	1587	600366623
LinuxRuntimeMemchr	linux-runtime-memchr	compiler_backend_runtime_linux.tl:compiler-backend-runtime-memchr-functions	1:LinuxX64	1:SystemV	0:Always	0:Assembly	0:RuntimeFunctions	tl_memchr		tl_memchr:end	1:Returns	B\nB\nB\nR	4	385	1007425695
LinuxRuntimeMemFill8	linux-runtime-mem-fill8	compiler_backend_runtime_linux.tl:compiler-backend-runtime-mem-fill8-functions	1:LinuxX64	1:SystemV	0:Always	0:Assembly	0:RuntimeFunctions	tl_mem_fill8		tl_mem_fill8:end	1:Returns	B\nR	2	170	1994521549
LinuxRuntimeArrayZero	linux-runtime-array-zero	compiler_backend_runtime_linux.tl:compiler-backend-runtime-array-zero-functions	1:LinuxX64	1:SystemV	0:Always	0:Assembly	0:RuntimeFunctions	tl_array_zero		tl_array_zero:end	1:Returns	B\nB\nB\nB\nR\nR	6	534	158533835
LinuxRuntimeTlciImage	linux-runtime-tlci-image	compiler_backend_runtime_linux.tl:compiler-backend-runtime-tlci-entry-functions	1:LinuxX64	1:SystemV	0:Always	0:Assembly	2:TlciBridge	tl_tlci_call_image_entry		tl_tlci_call_image_entry:end	1:Returns	A:-8\nI:*%rax\nA:+8\nR	4	292	701999816
LinuxRuntimeTlciMacro	linux-runtime-tlci-macro	compiler_backend_runtime_linux.tl:compiler-backend-runtime-tlci-macro-entry-functions	1:LinuxX64	1:SystemV	6:TlciMacroEntry	0:Assembly	2:TlciBridge	tl_tlci_call_macro_entry		tl_tlci_call_macro_entry:end	1:Returns	D:8(%rsp)\nA:-8\nI:*%rax\nA:+8\nR	5	371	990000639
LinuxRuntimeBacktrace	linux-runtime-backtrace	compiler_backend_runtime_linux.tl:compiler-backend-runtime-backtrace-functions	1:LinuxX64	1:SystemV	7:Backtrace	0:Assembly	0:RuntimeFunctions	tl_backtrace_map_begin	tl_backtrace_map_end\ntl_backtrace_string_begin\ntl_backtrace_string_end\ntl_backtrace_frame_pointer\ntl_backtrace_stack_low_get\ntl_backtrace_stack_high_get\ntl_backtrace_stack_set	tl_backtrace_stack_set:end	1:Returns	R\nR\nR\nR\nR\nR\nR\nR	8	1855	1498741373
LinuxRuntimeArena	linux-runtime-arena	compiler_backend_runtime_linux.tl:compiler-backend-runtime-linux-arena-functions	1:LinuxX64	1:SystemV	0:Always	0:Assembly	0:RuntimeFunctions	tl_thread_init	tl_arena_current\ntl_arena_set\ntl_arena_poison_enable\ntl_arena_make\ntl_arena_make_small\ntl_arena_make_atomic\ntl_arena_destroy	tl_arena_destroy:end	6:Mixed	B\nB\nR\nR\nB\nB\nR\nR\nB\nB\nR\nB\nR\nS:%rbx\nS:%r12\nB\nB\nB\nB\nS:%r8\nB\nB\nU:%r8\nB\nB\nS:%r8\nB\nB\nU:%r8\nB\nU:%r12\nU:%rbx\nR	33	4629	113130973
LinuxRuntimeArenaDebug	linux-runtime-arena-debug	compiler_backend_runtime_linux.tl:compiler-backend-runtime-linux-arena-functions	1:LinuxX64	1:SystemV	8:ArenaDebug	0:Assembly	0:RuntimeFunctions	tl_arena_debug_protect_never_reset	tl_arena_debug_assert_pool_install\ntl_thread_init\ntl_arena_current\ntl_arena_set\ntl_arena_poison_enable\ntl_arena_make\ntl_arena_make_small\ntl_arena_make_atomic\ntl_arena_destroy	tl_arena_destroy:end	6:Mixed	B\nB\nB\nB\nR\nB\nB\nB\nR\nB\nR\nB\nB\nB\nB\nB\nB\nR\nT:tl_arena_debug_protect_abort\nB\nB\nB\nR\nB\nB\nR\nR\nB\nB\nR\nR\nB\nB\nA:-8\nC:.L_tl_arena_debug_register_root\nA:+8\nR\nB\nA:-8\nC:.L_tl_arena_debug_register_root\nA:+8\nR\nS:%rbx\nS:%r12\nB\nB\nB\nA:-8\nC:.L_tl_arena_debug_unregister_root\nA:+8\nB\nB\nS:%r8\nB\nB\nU:%r8\nB\nB\nS:%r8\nB\nB\nU:%r8\nB\nU:%r12\nU:%rbx\nR	66	7346	1440039368
LinuxRuntimeArenaProfile	linux-runtime-arena-profile	compiler_backend_runtime_linux.tl:compiler-backend-runtime-linux-arena-functions	1:LinuxX64	1:SystemV	4:Profile	0:Assembly	0:RuntimeFunctions	tl_thread_init	tl_arena_current\ntl_arena_set\ntl_arena_poison_enable\ntl_arena_make\ntl_arena_make_small\ntl_arena_make_atomic\ntl_arena_destroy	tl_arena_destroy:end	6:Mixed	B\nB\nR\nR\nB\nB\nR\nR\nB\nB\nR\nB\nR\nS:%rbx\nS:%r12\nB\nB\nB\nB\nS:%r8\nB\nB\nU:%r8\nB\nB\nS:%r8\nB\nB\nU:%r8\nB\nU:%r12\nU:%rbx\nR	33	4725	401836965
LinuxRuntimeArenaProfileDebug	linux-runtime-arena-profile-debug	compiler_backend_runtime_linux.tl:compiler-backend-runtime-linux-arena-functions	1:LinuxX64	1:SystemV	9:ProfileArenaDebug	0:Assembly	0:RuntimeFunctions	tl_arena_debug_protect_never_reset	tl_arena_debug_assert_pool_install\ntl_thread_init\ntl_arena_current\ntl_arena_set\ntl_arena_poison_enable\ntl_arena_make\ntl_arena_make_small\ntl_arena_make_atomic\ntl_arena_destroy	tl_arena_destroy:end	6:Mixed	B\nB\nB\nB\nR\nB\nB\nB\nR\nB\nR\nB\nB\nB\nB\nB\nB\nR\nT:tl_arena_debug_protect_abort\nB\nB\nB\nR\nB\nB\nR\nR\nB\nB\nR\nR\nB\nB\nA:-8\nC:.L_tl_arena_debug_register_root\nA:+8\nR\nB\nA:-8\nC:.L_tl_arena_debug_register_root\nA:+8\nR\nS:%rbx\nS:%r12\nB\nB\nB\nA:-8\nC:.L_tl_arena_debug_unregister_root\nA:+8\nB\nB\nS:%r8\nB\nB\nU:%r8\nB\nB\nS:%r8\nB\nB\nU:%r8\nB\nU:%r12\nU:%rbx\nR	66	7442	1257564704
LinuxRuntimeAlloc	linux-runtime-alloc	compiler_backend_runtime_linux.tl:compiler-backend-runtime-linux-alloc-functions	1:LinuxX64	1:SystemV	1:Alloc	0:Assembly	0:RuntimeFunctions	tl_alloc		tl_alloc:end	6:Mixed	B\nB\nB\nR\nB\nB\nR\nT:tl_alloc\nB\nB\nB\nR\nB\nB\nR\nT:tl_alloc\nB\nB\nB\nR\nB\nB\nR\nT:tl_alloc\nB\nB\nB\nR\nB\nB\nR\nT:tl_alloc\nB\nB\nB\nR\nB\nB\nR\nT:tl_alloc\nB\nB\nB\nR\nB\nB\nR\nT:tl_alloc\nB\nB\nB\nR\nB\nB\nR\nT:tl_alloc\nB\nB\nB\nR\nB\nB\nR\nT:tl_alloc\nB\nB\nB\nB\nB\nR\nB\nB\nB\nR\nB\nB\nB\nB\nB\nR\nB\nB\nB\nS:%r9\nS:%rdx\nS:%rsi\nU:%rsi\nU:%rdx\nU:%r9\nB\nB\nR\nB\nB\nS:%rdx\nS:%rsi\nU:%rsi\nU:%rdx\nB\nB\nB\nB\nR\nT:tl_oom_abort	104	8146	1528833549
LinuxRuntimeAllocDebug	linux-runtime-alloc-debug	compiler_backend_runtime_linux.tl:compiler-backend-runtime-linux-alloc-functions	1:LinuxX64	1:SystemV	11:AllocArenaDebug	0:Assembly	0:RuntimeFunctions	tl_alloc		tl_alloc:end	6:Mixed	B\nB\nB\nR\nB\nB\nR\nT:tl_alloc\nB\nB\nB\nR\nB\nB\nR\nT:tl_alloc\nB\nB\nB\nR\nB\nB\nR\nT:tl_alloc\nB\nB\nB\nR\nB\nB\nR\nT:tl_alloc\nB\nB\nB\nR\nB\nB\nR\nT:tl_alloc\nB\nB\nB\nR\nB\nB\nR\nT:tl_alloc\nB\nB\nB\nR\nB\nB\nR\nT:tl_alloc\nB\nB\nB\nR\nB\nB\nR\nT:tl_alloc\nB\nB\nB\nB\nB\nR\nB\nB\nB\nR\nB\nB\nB\nB\nB\nR\nB\nB\nB\nS:%r9\nS:%rdx\nS:%rsi\nU:%rsi\nU:%rdx\nU:%r9\nB\nB\nR\nB\nB\nS:%rdx\nS:%rsi\nU:%rsi\nU:%rdx\nB\nB\nB\nB\nA:-8\nC:.L_tl_arena_debug_register_root\nA:+8\nR\nT:tl_oom_abort	107	8243	1200297259
LinuxRuntimeAllocProfile	linux-runtime-alloc-profile	compiler_backend_runtime_linux.tl:compiler-backend-runtime-linux-alloc-functions	1:LinuxX64	1:SystemV	10:AllocProfile	0:Assembly	0:RuntimeFunctions	tl_alloc		tl_alloc:end	6:Mixed	B\nB\nB\nB\nR\nB\nB\nB\nR\nT:tl_alloc\nB\nB\nB\nB\nR\nB\nB\nB\nR\nT:tl_alloc\nB\nB\nB\nB\nR\nB\nB\nB\nR\nT:tl_alloc\nB\nB\nB\nB\nR\nB\nB\nB\nR\nT:tl_alloc\nB\nB\nB\nB\nR\nB\nB\nB\nR\nT:tl_alloc\nB\nB\nB\nB\nR\nB\nB\nB\nR\nT:tl_alloc\nB\nB\nB\nB\nR\nB\nB\nB\nR\nT:tl_alloc\nB\nB\nB\nB\nR\nB\nB\nB\nR\nT:tl_alloc\nB\nB\nB\nB\nB\nB\nR\nB\nB\nB\nB\nR\nB\nB\nB\nB\nB\nB\nR\nB\nB\nB\nS:%r9\nS:%rdx\nS:%rsi\nU:%rsi\nU:%rdx\nU:%r9\nB\nB\nB\nR\nB\nB\nS:%rdx\nS:%rsi\nU:%rsi\nU:%rdx\nB\nB\nB\nB\nB\nR\nT:tl_oom_abort	125	14779	643856254
LinuxRuntimeAllocProfileDebug	linux-runtime-alloc-profile-debug	compiler_backend_runtime_linux.tl:compiler-backend-runtime-linux-alloc-functions	1:LinuxX64	1:SystemV	12:AllocProfileArenaDebug	0:Assembly	0:RuntimeFunctions	tl_alloc		tl_alloc:end	6:Mixed	B\nB\nB\nB\nR\nB\nB\nB\nR\nT:tl_alloc\nB\nB\nB\nB\nR\nB\nB\nB\nR\nT:tl_alloc\nB\nB\nB\nB\nR\nB\nB\nB\nR\nT:tl_alloc\nB\nB\nB\nB\nR\nB\nB\nB\nR\nT:tl_alloc\nB\nB\nB\nB\nR\nB\nB\nB\nR\nT:tl_alloc\nB\nB\nB\nB\nR\nB\nB\nB\nR\nT:tl_alloc\nB\nB\nB\nB\nR\nB\nB\nB\nR\nT:tl_alloc\nB\nB\nB\nB\nR\nB\nB\nB\nR\nT:tl_alloc\nB\nB\nB\nB\nB\nB\nR\nB\nB\nB\nB\nR\nB\nB\nB\nB\nB\nB\nR\nB\nB\nB\nS:%r9\nS:%rdx\nS:%rsi\nU:%rsi\nU:%rdx\nU:%r9\nB\nB\nB\nR\nB\nB\nS:%rdx\nS:%rsi\nU:%rsi\nU:%rdx\nB\nB\nB\nB\nA:-8\nC:.L_tl_arena_debug_register_root\nA:+8\nB\nR\nT:tl_oom_abort	128	14876	1183550932
LinuxRuntimeRegionMark	linux-runtime-region-mark	compiler_backend_runtime_linux.tl:compiler-backend-runtime-region-mark-functions	1:LinuxX64	1:SystemV	2:RegionMark	0:Assembly	0:RuntimeFunctions	tl_region_mark		tl_region_mark:end	1:Returns	B\nR\nR	3	375	528428061
LinuxRuntimeRegionReset	linux-runtime-region-reset	compiler_backend_runtime_linux.tl:compiler-backend-runtime-region-reset-functions	1:LinuxX64	1:SystemV	3:RegionReset	0:Assembly	0:RuntimeFunctions	tl_region_reset		tl_region_reset:end	6:Mixed	S:%rbx\nS:%r12\nB\nB\nB\nB\nB\nB\nB\nB\nB\nB\nB\nB\nB\nB\nU:%r12\nU:%rbx\nR\nB\nB\nB\nB\nB\nS:%r9\nU:%r8\nB\nB\nB\nB\nS:%r9\nU:%r8\nB\nU:%r12\nU:%rbx\nR\nT:tl_region_abort	37	3547	1127258890
LinuxRuntimeRegionResetDebug	linux-runtime-region-reset-debug	compiler_backend_runtime_linux.tl:compiler-backend-runtime-region-reset-functions	1:LinuxX64	1:SystemV	14:RegionResetArenaDebug	0:Assembly	0:RuntimeFunctions	tl_region_reset		tl_region_reset:end	6:Mixed	S:%rbx\nS:%r12\nB\nB\nB\nB\nB\nB\nB\nB\nB\nB\nB\nB\nB\nB\nB\nU:%r12\nU:%rbx\nR\nB\nB\nB\nS:%r8\nC:.L_tl_arena_debug_unregister_root\nU:%r8\nB\nB\nB\nB\nB\nS:%r9\nU:%r8\nB\nB\nB\nB\nS:%r9\nU:%r8\nB\nU:%r12\nU:%rbx\nR\nT:tl_region_abort	44	3995	1963207789
LinuxRuntimeRegionResetProfile	linux-runtime-region-reset-profile	compiler_backend_runtime_linux.tl:compiler-backend-runtime-region-reset-functions	1:LinuxX64	1:SystemV	13:RegionResetProfile	0:Assembly	0:RuntimeFunctions	tl_region_reset		tl_region_reset:end	6:Mixed	S:%rbx\nS:%r12\nB\nB\nB\nB\nB\nB\nB\nB\nB\nB\nB\nB\nB\nB\nU:%r12\nU:%rbx\nR\nB\nB\nB\nB\nB\nS:%r9\nU:%r8\nB\nB\nB\nB\nS:%r9\nU:%r8\nB\nU:%r12\nU:%rbx\nR\nT:tl_region_abort	37	3827	5155507
LinuxRuntimeRegionResetProfileDebug	linux-runtime-region-reset-profile-debug	compiler_backend_runtime_linux.tl:compiler-backend-runtime-region-reset-functions	1:LinuxX64	1:SystemV	15:RegionResetProfileArenaDebug	0:Assembly	0:RuntimeFunctions	tl_region_reset		tl_region_reset:end	6:Mixed	S:%rbx\nS:%r12\nB\nB\nB\nB\nB\nB\nB\nB\nB\nB\nB\nB\nB\nB\nB\nU:%r12\nU:%rbx\nR\nB\nB\nB\nS:%r8\nC:.L_tl_arena_debug_unregister_root\nU:%r8\nB\nB\nB\nB\nB\nS:%r9\nU:%r8\nB\nB\nB\nB\nS:%r9\nU:%r8\nB\nU:%r12\nU:%rbx\nR\nT:tl_region_abort	44	4275	1834786048
WindowsRuntimeMemcpy	windows-runtime-memcpy	compiler_backend_runtime_windows.tl:compiler-backend-runtime-memcpy-functions	2:WindowsX64	2:Win64	0:Always	0:Assembly	0:RuntimeFunctions	tl_memcpy	tl_memcpy_fresh\ntl_mem_copy_fwd\ntl_mem_copy8_fwd	tl_mem_copy8_fwd:end	1:Returns	B\nR\nB\nB\nB\nB\nB\nB\nB\nR\nB\nB\nB\nB\nR\nB\nR\nB\nB\nB\nB\nR\nB\nB\nB\nB\nB\nR	28	3527	1912350963
WindowsRuntimeMemchr	windows-runtime-memchr	compiler_backend_runtime_windows.tl:compiler-backend-runtime-memchr-functions	2:WindowsX64	2:Win64	0:Always	0:Assembly	0:RuntimeFunctions	tl_memchr		tl_memchr:end	1:Returns	B\nB\nB\nR	4	322	1103932611
WindowsRuntimeMemFill8	windows-runtime-mem-fill8	compiler_backend_runtime_windows.tl:compiler-backend-runtime-mem-fill8-functions	2:WindowsX64	2:Win64	0:Always	0:Assembly	0:RuntimeFunctions	tl_mem_fill8		tl_mem_fill8:end	1:Returns	B\nS:%rdi\nU:%rdi\nR	4	218	2133200656
WindowsRuntimeArrayZero	windows-runtime-array-zero	compiler_backend_runtime_windows.tl:compiler-backend-runtime-array-zero-functions	2:WindowsX64	2:Win64	0:Always	0:Assembly	0:RuntimeFunctions	tl_array_zero		tl_array_zero:end	1:Returns	B\nB\nB\nB\nR\nS:%rdi\nU:%rdi\nR	8	488	1648773169
WindowsRuntimeTlciImage	windows-runtime-tlci-image	compiler_backend_runtime_windows.tl:compiler-backend-runtime-tlci-entry-functions	2:WindowsX64	2:Win64	0:Always	0:Assembly	2:TlciBridge	tl_tlci_call_image_entry		tl_tlci_call_image_entry:end	1:Returns	A:-40\nI:*%rax\nA:+40\nR	4	183	2144192620
WindowsRuntimeTlciMacro	windows-runtime-tlci-macro	compiler_backend_runtime_windows.tl:compiler-backend-runtime-tlci-macro-entry-functions	2:WindowsX64	2:Win64	6:TlciMacroEntry	0:Assembly	2:TlciBridge	tl_tlci_call_macro_entry		tl_tlci_call_macro_entry:end	1:Returns	D:40(%rsp)\nD:48(%rsp)\nD:56(%rsp)\nA:-56\nW:32(%rsp)\nW:40(%rsp)\nI:*%rax\nA:+56\nR	9	320	847138409
WindowsRuntimeBacktrace	windows-runtime-backtrace	compiler_backend_runtime_windows.tl:compiler-backend-runtime-windows-backtrace-functions	2:WindowsX64	2:Win64	7:Backtrace	0:Assembly	0:RuntimeFunctions	tl_backtrace_map_begin	tl_backtrace_map_end\ntl_backtrace_string_begin\ntl_backtrace_string_end	tl_backtrace_string_end:end	1:Returns	R\nR\nR\nR	4	470	830881180
WindowsRuntimeArena	windows-runtime-arena	compiler_backend_runtime_windows.tl:compiler-backend-runtime-windows-arena-functions	2:WindowsX64	2:Win64	0:Always	0:Assembly	0:RuntimeFunctions	tl_arena_current	tl_arena_set\ntl_arena_poison_enable\ntl_arena_make\ntl_arena_make_small\ntl_arena_make_atomic\ntl_arena_destroy	tl_arena_destroy:end	6:Mixed	R\nB\nB\nR\nR\nS:%rbp\nS:%rbx\nS:%rsi\nB\nS:%rbp\nS:%rbx\nS:%rsi\nW:40(%rsp)\nC:VirtualAlloc\nB\nC:VirtualAlloc\nB\nD:40(%rsp)\nU:%rsi\nU:%rbx\nU:%rbp\nR\nC:GetLastError\nW:40(%rsp)\nW:32(%rsp)\nC:tl_windows_allocation_abort\nC:tl_oom_abort\nC:GetLastError\nW:40(%rsp)\nC:VirtualFree\nW:32(%rsp)\nC:tl_windows_allocation_abort\nC:tl_oom_abort\nS:%rbp\nS:%rbx\nS:%rsi\nC:VirtualAlloc\nB\nC:VirtualAlloc\nB\nU:%rsi\nU:%rbx\nU:%rbp\nR\nC:GetLastError\nW:40(%rsp)\nW:32(%rsp)\nC:tl_windows_allocation_abort\nC:tl_oom_abort\nC:GetLastError\nC:VirtualFree\nW:40(%rsp)\nW:32(%rsp)\nC:tl_windows_allocation_abort\nC:tl_oom_abort\nS:%rbp\nS:%rbx\nS:%rsi\nS:%r12\nB\nB\nB\nB\nC:VirtualFree\nB\nB\nC:VirtualFree\nB\nU:%r12\nU:%rsi\nU:%rbx\nU:%rbp\nR	73	5014	811039507
WindowsRuntimeArenaDebug	windows-runtime-arena-debug	compiler_backend_runtime_windows.tl:compiler-backend-runtime-windows-arena-functions	2:WindowsX64	2:Win64	8:ArenaDebug	0:Assembly	0:RuntimeFunctions	tl_arena_debug_protect_never_reset	tl_arena_debug_assert_pool_install\ntl_arena_current\ntl_arena_set\ntl_arena_poison_enable\ntl_arena_make\ntl_arena_make_small\ntl_arena_make_atomic\ntl_arena_destroy	tl_arena_destroy:end	6:Mixed	B\nB\nB\nB\nR\nB\nB\nB\nR\nB\nR\nB\nB\nB\nB\nB\nB\nR\nA:-40\nC:tl_arena_debug_protect_abort\nB\nB\nB\nR\nA:-40\nC:tl_arena_debug_pool_install_abort\nR\nB\nB\nR\nR\nS:%rbp\nS:%rbx\nS:%rsi\nB\nS:%rbp\nS:%rbx\nS:%rsi\nW:40(%rsp)\nC:VirtualAlloc\nB\nC:VirtualAlloc\nB\nD:40(%rsp)\nC:.L_tl_arena_debug_register_root\nU:%rsi\nU:%rbx\nU:%rbp\nR\nC:GetLastError\nW:40(%rsp)\nW:32(%rsp)\nC:tl_windows_allocation_abort\nC:tl_oom_abort\nC:GetLastError\nW:40(%rsp)\nC:VirtualFree\nW:32(%rsp)\nC:tl_windows_allocation_abort\nC:tl_oom_abort\nS:%rbp\nS:%rbx\nS:%rsi\nC:VirtualAlloc\nB\nC:VirtualAlloc\nB\nC:.L_tl_arena_debug_register_root\nU:%rsi\nU:%rbx\nU:%rbp\nR\nC:GetLastError\nW:40(%rsp)\nW:32(%rsp)\nC:tl_windows_allocation_abort\nC:tl_oom_abort\nC:GetLastError\nC:VirtualFree\nW:40(%rsp)\nW:32(%rsp)\nC:tl_windows_allocation_abort\nC:tl_oom_abort\nS:%rbp\nS:%rbx\nS:%rsi\nS:%r12\nB\nB\nB\nC:tl_arena_debug_destroy_abort\nC:.L_tl_arena_debug_unregister_root\nB\nB\nC:VirtualFree\nB\nB\nC:VirtualFree\nB\nU:%r12\nU:%rsi\nU:%rbx\nU:%rbp\nR	104	7625	796281500
WindowsRuntimeArenaProfile	windows-runtime-arena-profile	compiler_backend_runtime_windows.tl:compiler-backend-runtime-windows-arena-functions	2:WindowsX64	2:Win64	4:Profile	0:Assembly	0:RuntimeFunctions	tl_arena_current	tl_arena_set\ntl_arena_poison_enable\ntl_arena_make\ntl_arena_make_small\ntl_arena_make_atomic\ntl_arena_destroy	tl_arena_destroy:end	6:Mixed	R\nB\nB\nR\nR\nS:%rbp\nS:%rbx\nS:%rsi\nB\nS:%rbp\nS:%rbx\nS:%rsi\nW:40(%rsp)\nC:VirtualAlloc\nB\nC:VirtualAlloc\nB\nD:40(%rsp)\nU:%rsi\nU:%rbx\nU:%rbp\nR\nC:GetLastError\nW:40(%rsp)\nW:32(%rsp)\nC:tl_windows_allocation_abort\nC:tl_oom_abort\nC:GetLastError\nW:40(%rsp)\nC:VirtualFree\nW:32(%rsp)\nC:tl_windows_allocation_abort\nC:tl_oom_abort\nS:%rbp\nS:%rbx\nS:%rsi\nC:VirtualAlloc\nB\nC:VirtualAlloc\nB\nU:%rsi\nU:%rbx\nU:%rbp\nR\nC:GetLastError\nW:40(%rsp)\nW:32(%rsp)\nC:tl_windows_allocation_abort\nC:tl_oom_abort\nC:GetLastError\nC:VirtualFree\nW:40(%rsp)\nW:32(%rsp)\nC:tl_windows_allocation_abort\nC:tl_oom_abort\nS:%rbp\nS:%rbx\nS:%rsi\nS:%r12\nB\nB\nB\nB\nC:VirtualFree\nB\nB\nC:VirtualFree\nB\nU:%r12\nU:%rsi\nU:%rbx\nU:%rbp\nR	73	5110	241820904
WindowsRuntimeArenaProfileDebug	windows-runtime-arena-profile-debug	compiler_backend_runtime_windows.tl:compiler-backend-runtime-windows-arena-functions	2:WindowsX64	2:Win64	9:ProfileArenaDebug	0:Assembly	0:RuntimeFunctions	tl_arena_debug_protect_never_reset	tl_arena_debug_assert_pool_install\ntl_arena_current\ntl_arena_set\ntl_arena_poison_enable\ntl_arena_make\ntl_arena_make_small\ntl_arena_make_atomic\ntl_arena_destroy	tl_arena_destroy:end	6:Mixed	B\nB\nB\nB\nR\nB\nB\nB\nR\nB\nR\nB\nB\nB\nB\nB\nB\nR\nA:-40\nC:tl_arena_debug_protect_abort\nB\nB\nB\nR\nA:-40\nC:tl_arena_debug_pool_install_abort\nR\nB\nB\nR\nR\nS:%rbp\nS:%rbx\nS:%rsi\nB\nS:%rbp\nS:%rbx\nS:%rsi\nW:40(%rsp)\nC:VirtualAlloc\nB\nC:VirtualAlloc\nB\nD:40(%rsp)\nC:.L_tl_arena_debug_register_root\nU:%rsi\nU:%rbx\nU:%rbp\nR\nC:GetLastError\nW:40(%rsp)\nW:32(%rsp)\nC:tl_windows_allocation_abort\nC:tl_oom_abort\nC:GetLastError\nW:40(%rsp)\nC:VirtualFree\nW:32(%rsp)\nC:tl_windows_allocation_abort\nC:tl_oom_abort\nS:%rbp\nS:%rbx\nS:%rsi\nC:VirtualAlloc\nB\nC:VirtualAlloc\nB\nC:.L_tl_arena_debug_register_root\nU:%rsi\nU:%rbx\nU:%rbp\nR\nC:GetLastError\nW:40(%rsp)\nW:32(%rsp)\nC:tl_windows_allocation_abort\nC:tl_oom_abort\nC:GetLastError\nC:VirtualFree\nW:40(%rsp)\nW:32(%rsp)\nC:tl_windows_allocation_abort\nC:tl_oom_abort\nS:%rbp\nS:%rbx\nS:%rsi\nS:%r12\nB\nB\nB\nC:tl_arena_debug_destroy_abort\nC:.L_tl_arena_debug_unregister_root\nB\nB\nC:VirtualFree\nB\nB\nC:VirtualFree\nB\nU:%r12\nU:%rsi\nU:%rbx\nU:%rbp\nR	104	7721	1193815112
WindowsRuntimeAlloc	windows-runtime-alloc	compiler_backend_runtime_windows.tl:compiler-backend-runtime-windows-alloc-functions	2:WindowsX64	2:Win64	1:Alloc	0:Assembly	0:RuntimeFunctions	tl_alloc		tl_alloc:end	6:Mixed	B\nB\nB\nR\nB\nB\nR\nT:tl_alloc\nB\nB\nB\nR\nB\nB\nR\nT:tl_alloc\nB\nB\nB\nR\nB\nB\nR\nT:tl_alloc\nB\nB\nB\nR\nB\nB\nR\nT:tl_alloc\nB\nB\nB\nR\nB\nB\nR\nT:tl_alloc\nB\nB\nB\nR\nB\nB\nR\nT:tl_alloc\nB\nB\nB\nR\nB\nB\nR\nT:tl_alloc\nB\nB\nB\nR\nB\nB\nR\nT:tl_alloc\nS:%rbp\nS:%rbx\nS:%rsi\nB\nB\nB\nB\nC:VirtualAlloc\nB\nB\nC:GetLastError\nW:40(%rsp)\nW:32(%rsp)\nC:tl_windows_allocation_abort\nU:%rsi\nU:%rbx\nU:%rbp\nR\nB\nB\nB\nB\nB\nB\nB\nR\nB\nB\nB\nB\nR\nS:%rbp\nC:.L_tl_alloc_win_commit_to\nB\nX:mov %rbp, %rsp\nU:%rbp\nB\nS:%rbp\nB\nS:%rbp\nB\nS:%rbp\nB\nB\nB\nB\nB\nB\nB\nX:mov %rbp, %rsp\nU:%rbp\nR\nC:.L_tl_alloc_win_commit_to\nB\nB\nB\nB\nB\nC:VirtualAlloc\nB\nB\nB\nB\nC:VirtualAlloc\nB\nB\nB\nX:mov %rbp, %rsp\nU:%rbp\nR\nC:GetLastError\nW:40(%rsp)\nW:32(%rsp)\nC:tl_windows_allocation_abort\nB\nC:GetLastError\nC:VirtualFree\nW:40(%rsp)\nW:32(%rsp)\nC:tl_windows_allocation_abort\nB\nB\nB\nC:VirtualAlloc\nB\nB\nB\nB\nC:VirtualAlloc\nB\nB\nB\nB\nB\nX:mov %rbp, %rsp\nU:%rbp\nR\nC:GetLastError\nW:40(%rsp)\nW:32(%rsp)\nC:tl_windows_allocation_abort\nB\nC:GetLastError\nC:VirtualFree\nW:40(%rsp)\nW:32(%rsp)\nC:tl_windows_allocation_abort\nB\nC:tl_oom_abort	173	13890	1909494154
WindowsRuntimeAllocDebug	windows-runtime-alloc-debug	compiler_backend_runtime_windows.tl:compiler-backend-runtime-windows-alloc-functions	2:WindowsX64	2:Win64	11:AllocArenaDebug	0:Assembly	0:RuntimeFunctions	tl_alloc		tl_alloc:end	6:Mixed	B\nB\nB\nR\nB\nB\nR\nT:tl_alloc\nB\nB\nB\nR\nB\nB\nR\nT:tl_alloc\nB\nB\nB\nR\nB\nB\nR\nT:tl_alloc\nB\nB\nB\nR\nB\nB\nR\nT:tl_alloc\nB\nB\nB\nR\nB\nB\nR\nT:tl_alloc\nB\nB\nB\nR\nB\nB\nR\nT:tl_alloc\nB\nB\nB\nR\nB\nB\nR\nT:tl_alloc\nB\nB\nB\nR\nB\nB\nR\nT:tl_alloc\nS:%rbp\nS:%rbx\nS:%rsi\nB\nB\nB\nB\nC:VirtualAlloc\nB\nB\nC:GetLastError\nW:40(%rsp)\nW:32(%rsp)\nC:tl_windows_allocation_abort\nU:%rsi\nU:%rbx\nU:%rbp\nR\nB\nB\nB\nB\nB\nB\nB\nR\nB\nB\nB\nB\nR\nS:%rbp\nC:.L_tl_alloc_win_commit_to\nB\nX:mov %rbp, %rsp\nU:%rbp\nB\nS:%rbp\nB\nS:%rbp\nB\nS:%rbp\nB\nB\nB\nB\nB\nB\nB\nX:mov %rbp, %rsp\nU:%rbp\nR\nC:.L_tl_alloc_win_commit_to\nB\nB\nB\nB\nB\nC:VirtualAlloc\nB\nB\nB\nB\nC:VirtualAlloc\nB\nB\nB\nX:mov %rbp, %rsp\nU:%rbp\nR\nC:GetLastError\nW:40(%rsp)\nW:32(%rsp)\nC:tl_windows_allocation_abort\nB\nC:GetLastError\nC:VirtualFree\nW:40(%rsp)\nW:32(%rsp)\nC:tl_windows_allocation_abort\nB\nB\nB\nC:VirtualAlloc\nB\nB\nB\nB\nC:VirtualAlloc\nB\nB\nB\nB\nC:.L_tl_arena_debug_register_root\nB\nX:mov %rbp, %rsp\nU:%rbp\nR\nC:GetLastError\nW:40(%rsp)\nW:32(%rsp)\nC:tl_windows_allocation_abort\nB\nC:GetLastError\nC:VirtualFree\nW:40(%rsp)\nW:32(%rsp)\nC:tl_windows_allocation_abort\nB\nC:tl_oom_abort	174	13951	297833020
WindowsRuntimeAllocProfile	windows-runtime-alloc-profile	compiler_backend_runtime_windows.tl:compiler-backend-runtime-windows-alloc-functions	2:WindowsX64	2:Win64	10:AllocProfile	0:Assembly	0:RuntimeFunctions	tl_alloc		tl_alloc:end	6:Mixed	B\nB\nB\nB\nR\nB\nB\nB\nR\nT:tl_alloc\nB\nB\nB\nB\nR\nB\nB\nB\nR\nT:tl_alloc\nB\nB\nB\nB\nR\nB\nB\nB\nR\nT:tl_alloc\nB\nB\nB\nB\nR\nB\nB\nB\nR\nT:tl_alloc\nB\nB\nB\nB\nR\nB\nB\nB\nR\nT:tl_alloc\nB\nB\nB\nB\nR\nB\nB\nB\nR\nT:tl_alloc\nB\nB\nB\nB\nR\nB\nB\nB\nR\nT:tl_alloc\nB\nB\nB\nB\nR\nB\nB\nB\nR\nT:tl_alloc\nS:%rbp\nS:%rbx\nS:%rsi\nB\nB\nB\nB\nC:VirtualAlloc\nB\nB\nC:GetLastError\nW:40(%rsp)\nW:32(%rsp)\nC:tl_windows_allocation_abort\nU:%rsi\nU:%rbx\nU:%rbp\nR\nB\nB\nB\nB\nB\nB\nB\nB\nR\nB\nB\nB\nB\nB\nR\nS:%rbp\nC:.L_tl_alloc_win_commit_to\nB\nX:mov %rbp, %rsp\nU:%rbp\nB\nS:%rbp\nB\nS:%rbp\nB\nS:%rbp\nB\nB\nB\nB\nB\nB\nB\nB\nX:mov %rbp, %rsp\nU:%rbp\nR\nC:.L_tl_alloc_win_commit_to\nB\nB\nB\nB\nB\nC:VirtualAlloc\nB\nB\nB\nB\nC:VirtualAlloc\nB\nB\nB\nB\nX:mov %rbp, %rsp\nU:%rbp\nR\nC:GetLastError\nW:40(%rsp)\nW:32(%rsp)\nC:tl_windows_allocation_abort\nB\nC:GetLastError\nC:VirtualFree\nW:40(%rsp)\nW:32(%rsp)\nC:tl_windows_allocation_abort\nB\nB\nB\nC:VirtualAlloc\nB\nB\nB\nB\nC:VirtualAlloc\nB\nB\nB\nB\nB\nB\nX:mov %rbp, %rsp\nU:%rbp\nR\nC:GetLastError\nW:40(%rsp)\nW:32(%rsp)\nC:tl_windows_allocation_abort\nB\nC:GetLastError\nC:VirtualFree\nW:40(%rsp)\nW:32(%rsp)\nC:tl_windows_allocation_abort\nB\nC:tl_oom_abort	194	20563	812496703
WindowsRuntimeAllocProfileDebug	windows-runtime-alloc-profile-debug	compiler_backend_runtime_windows.tl:compiler-backend-runtime-windows-alloc-functions	2:WindowsX64	2:Win64	12:AllocProfileArenaDebug	0:Assembly	0:RuntimeFunctions	tl_alloc		tl_alloc:end	6:Mixed	B\nB\nB\nB\nR\nB\nB\nB\nR\nT:tl_alloc\nB\nB\nB\nB\nR\nB\nB\nB\nR\nT:tl_alloc\nB\nB\nB\nB\nR\nB\nB\nB\nR\nT:tl_alloc\nB\nB\nB\nB\nR\nB\nB\nB\nR\nT:tl_alloc\nB\nB\nB\nB\nR\nB\nB\nB\nR\nT:tl_alloc\nB\nB\nB\nB\nR\nB\nB\nB\nR\nT:tl_alloc\nB\nB\nB\nB\nR\nB\nB\nB\nR\nT:tl_alloc\nB\nB\nB\nB\nR\nB\nB\nB\nR\nT:tl_alloc\nS:%rbp\nS:%rbx\nS:%rsi\nB\nB\nB\nB\nC:VirtualAlloc\nB\nB\nC:GetLastError\nW:40(%rsp)\nW:32(%rsp)\nC:tl_windows_allocation_abort\nU:%rsi\nU:%rbx\nU:%rbp\nR\nB\nB\nB\nB\nB\nB\nB\nB\nR\nB\nB\nB\nB\nB\nR\nS:%rbp\nC:.L_tl_alloc_win_commit_to\nB\nX:mov %rbp, %rsp\nU:%rbp\nB\nS:%rbp\nB\nS:%rbp\nB\nS:%rbp\nB\nB\nB\nB\nB\nB\nB\nB\nX:mov %rbp, %rsp\nU:%rbp\nR\nC:.L_tl_alloc_win_commit_to\nB\nB\nB\nB\nB\nC:VirtualAlloc\nB\nB\nB\nB\nC:VirtualAlloc\nB\nB\nB\nB\nX:mov %rbp, %rsp\nU:%rbp\nR\nC:GetLastError\nW:40(%rsp)\nW:32(%rsp)\nC:tl_windows_allocation_abort\nB\nC:GetLastError\nC:VirtualFree\nW:40(%rsp)\nW:32(%rsp)\nC:tl_windows_allocation_abort\nB\nB\nB\nC:VirtualAlloc\nB\nB\nB\nB\nC:VirtualAlloc\nB\nB\nB\nB\nC:.L_tl_arena_debug_register_root\nB\nB\nX:mov %rbp, %rsp\nU:%rbp\nR\nC:GetLastError\nW:40(%rsp)\nW:32(%rsp)\nC:tl_windows_allocation_abort\nB\nC:GetLastError\nC:VirtualFree\nW:40(%rsp)\nW:32(%rsp)\nC:tl_windows_allocation_abort\nB\nC:tl_oom_abort	195	20624	1655733341
WindowsRuntimeRegionMark	windows-runtime-region-mark	compiler_backend_runtime_windows.tl:compiler-backend-runtime-region-mark-functions	2:WindowsX64	2:Win64	2:RegionMark	0:Assembly	0:RuntimeFunctions	tl_region_mark		tl_region_mark:end	1:Returns	B\nR\nR	3	277	347638035
WindowsRuntimeRegionReset	windows-runtime-region-reset	compiler_backend_runtime_windows.tl:compiler-backend-runtime-windows-region-reset-functions	2:WindowsX64	2:Win64	3:RegionReset	0:Assembly	0:RuntimeFunctions	tl_region_reset		tl_region_reset:end	6:Mixed	S:%rbp\nS:%rbx\nS:%r12\nS:%r13\nS:%r14\nB\nB\nB\nB\nB\nB\nC:tl_region_abort\nB\nB\nC:VirtualFree\nB\nB\nB\nB\nB\nC:VirtualFree\nB\nB\nB\nB\nB\nB\nB\nC:VirtualFree\nB\nB\nC:VirtualFree\nB\nU:%r14\nU:%r13\nU:%r12\nU:%rbx\nU:%rbp\nR	39	3609	2139979713
WindowsRuntimeRegionResetDebug	windows-runtime-region-reset-debug	compiler_backend_runtime_windows.tl:compiler-backend-runtime-windows-region-reset-functions	2:WindowsX64	2:Win64	14:RegionResetArenaDebug	0:Assembly	0:RuntimeFunctions	tl_region_reset		tl_region_reset:end	6:Mixed	S:%rbp\nS:%rbx\nS:%r12\nS:%r13\nS:%r14\nB\nB\nB\nB\nB\nB\nB\nC:tl_region_abort\nB\nB\nC:VirtualFree\nB\nB\nB\nB\nB\nC:VirtualFree\nB\nB\nB\nB\nB\nA:-32\nC:tl_arena_debug_reset_abort\nB\nA:-32\nC:.L_tl_arena_debug_unregister_root\nA:+32\nB\nB\nB\nB\nC:VirtualFree\nB\nB\nC:VirtualFree\nB\nU:%r14\nU:%r13\nU:%r12\nU:%rbx\nU:%rbp\nR	48	4165	242660824
WindowsRuntimeRegionResetProfile	windows-runtime-region-reset-profile	compiler_backend_runtime_windows.tl:compiler-backend-runtime-windows-region-reset-functions	2:WindowsX64	2:Win64	13:RegionResetProfile	0:Assembly	0:RuntimeFunctions	tl_region_reset		tl_region_reset:end	6:Mixed	S:%rbp\nS:%rbx\nS:%r12\nS:%r13\nS:%r14\nB\nB\nB\nB\nB\nB\nC:tl_region_abort\nB\nB\nC:VirtualFree\nB\nB\nB\nB\nB\nC:VirtualFree\nB\nB\nB\nB\nB\nB\nB\nC:VirtualFree\nB\nB\nC:VirtualFree\nB\nU:%r14\nU:%r13\nU:%r12\nU:%rbx\nU:%rbp\nR	39	3894	1151695902
WindowsRuntimeRegionResetProfileDebug	windows-runtime-region-reset-profile-debug	compiler_backend_runtime_windows.tl:compiler-backend-runtime-windows-region-reset-functions	2:WindowsX64	2:Win64	15:RegionResetProfileArenaDebug	0:Assembly	0:RuntimeFunctions	tl_region_reset		tl_region_reset:end	6:Mixed	S:%rbp\nS:%rbx\nS:%r12\nS:%r13\nS:%r14\nB\nB\nB\nB\nB\nB\nB\nC:tl_region_abort\nB\nB\nC:VirtualFree\nB\nB\nB\nB\nB\nC:VirtualFree\nB\nB\nB\nB\nB\nA:-32\nC:tl_arena_debug_reset_abort\nB\nA:-32\nC:.L_tl_arena_debug_unregister_root\nA:+32\nB\nB\nB\nB\nC:VirtualFree\nB\nB\nC:VirtualFree\nB\nU:%r14\nU:%r13\nU:%r12\nU:%rbx\nU:%rbp\nR	48	4450	2068474898
WindowsRuntimeThread	windows-runtime-thread	compiler_backend_runtime_windows.tl:compiler-backend-runtime-windows-thread-functions	2:WindowsX64	2:Win64	0:Always	0:Assembly	0:RuntimeFunctions	tl_thread_entry_ptr		tl_thread_entry_ptr:end	1:Returns	S:%r12\nS:%r13\nA:-40\nI:*(%r11)\nA:+40\nU:%r13\nU:%r12\nR	8	438	845325827
WindowsRuntimeLibcShim	windows-runtime-libc-shim	compiler_backend_runtime_windows.tl:compiler-backend-runtime-windows-libc-shim-functions	2:WindowsX64	2:Win64	0:Always	0:Assembly	6:MixedRuntimeBundle	__chkstk	tl_setup_argv\n_tl_start\n.L_tl_boot_alloc\n.L_tl_main_fiber\n.L_tl_stack_overflow_filter	tl_boot_off	6:Mixed	S:%rcx\nS:%rax\nD:16(%rsp)\nB\nB\nU:%rax\nU:%rcx\nR\nS:%rbp\nS:%rbx\nS:%r12\nS:%r13\nS:%r14\nS:%r15\nA:-40\nC:GetCommandLineA\nB\nB\nA:-32\nC:.L_tl_boot_alloc\nA:+32\nB\nB\nA:-32\nC:.L_tl_boot_alloc\nA:+32\nB\nB\nB\nB\nB\nB\nB\nB\nB\nB\nB\nB\nA:+40\nU:%r15\nU:%r14\nU:%r13\nU:%r12\nU:%rbx\nU:%rbp\nR\nR\nA:-40\nC:tl_setup_argv\nC:SetUnhandledExceptionFilter\nC:ConvertThreadToFiber\nB\nW:32(%rsp)\nC:CreateFiberEx\nB\nF:SwitchToFiber|unexpected-return=.L_tl_main_stack_reservation_failed\nB\nC:GetStdHandle\nW:32(%rsp)\nC:WriteFile\nP:ExitProcess\nE:CreateFiberEx-fiber-procedure\nA:-40\nW:32(%rsp)\nD:32(%rsp)\nC:SetThreadStackGuarantee\nC:main\nP:ExitProcess\nE:SetUnhandledExceptionFilter-callback\nA:-40\nB\nC:GetStdHandle\nW:32(%rsp)\nC:WriteFile\nP:ExitProcess\nA:+40\nR	77	6646	647589543
WindowsRuntimeLibcShimStartupProfile	windows-runtime-libc-shim-startup-profile	compiler_backend_runtime_windows.tl:compiler-backend-runtime-windows-libc-shim-functions	2:WindowsX64	2:Win64	5:StartupProfile	0:Assembly	6:MixedRuntimeBundle	__chkstk	tl_setup_argv\n_tl_start\n.L_tl_boot_alloc\n.L_tl_main_fiber\n.L_tl_stack_overflow_filter	tl_boot_off	6:Mixed	S:%rcx\nS:%rax\nD:16(%rsp)\nB\nB\nU:%rax\nU:%rcx\nR\nS:%rbp\nS:%rbx\nS:%r12\nS:%r13\nS:%r14\nS:%r15\nA:-40\nC:GetCommandLineA\nB\nB\nA:-32\nC:.L_tl_boot_alloc\nA:+32\nB\nB\nA:-32\nC:.L_tl_boot_alloc\nA:+32\nB\nB\nB\nB\nB\nB\nB\nB\nB\nB\nB\nB\nA:+40\nU:%r15\nU:%r14\nU:%r13\nU:%r12\nU:%rbx\nU:%rbp\nR\nR\nA:-40\nC:QueryPerformanceCounter\nC:tl_setup_argv\nC:SetUnhandledExceptionFilter\nC:ConvertThreadToFiber\nB\nW:32(%rsp)\nC:CreateFiberEx\nB\nF:SwitchToFiber|unexpected-return=.L_tl_main_stack_reservation_failed\nB\nC:GetStdHandle\nW:32(%rsp)\nC:WriteFile\nP:ExitProcess\nE:CreateFiberEx-fiber-procedure\nA:-40\nW:32(%rsp)\nD:32(%rsp)\nC:SetThreadStackGuarantee\nC:main\nP:ExitProcess\nE:SetUnhandledExceptionFilter-callback\nA:-40\nB\nC:GetStdHandle\nW:32(%rsp)\nC:WriteFile\nP:ExitProcess\nA:+40\nR	78	6741	1898056367
LinuxStartupPrefix	linux-startup-prefix	compiler_backend.tl:compiler-backend-entry	1:LinuxX64	1:SystemV	18:NativeEntry	0:Assembly	1:Startup	_tl_start		before-global-initializers	0:FallsThrough	C:tl_thread_init	1	-1	-1
LinuxStartupPrefixStartupProfile	linux-startup-prefix-startup-profile	compiler_backend.tl:compiler-backend-entry	1:LinuxX64	1:SystemV	16:NativeEntryStartupProfile	0:Assembly	1:Startup	_tl_start	.L_tl_startup_profile_process_entry_done	before-global-initializers	0:FallsThrough	B:.L_tl_startup_profile_process_entry_done\nC:tl_thread_init	2	-1	-1
LinuxStartupTail	linux-startup-tail	compiler_backend.tl:compiler-backend-entry-call-main	1:LinuxX64	1:SystemV	18:NativeEntry	0:Assembly	1:Startup	after-global-initializers	.L_tl_main_stack_abort	.L_tl_main_stack_abort:end	3:TerminatesProcess	B:.L_tl_main_stack_abort\nX:fresh-1GiB-main-stack\nC:main\nP:linux-exit-main-status\nP:linux-exit-134	5	-1	-1
LinuxStartupTailBacktrace	linux-startup-tail-backtrace	compiler_backend.tl:compiler-backend-entry-call-main	1:LinuxX64	1:SystemV	17:NativeEntryBacktrace	0:Assembly	1:Startup	after-global-initializers	.L_tl_main_stack_abort	.L_tl_main_stack_abort:end	3:TerminatesProcess	B:.L_tl_main_stack_abort\nX:fresh-1GiB-main-stack\nC:main\nP:linux-exit-main-status\nP:linux-exit-134	5	-1	-1
LinuxObjectTlciImageBytes	linux-object-tlci-image-bytes	compiler_backend_object_target_linux.tl:compiler-backend-object-tlci-entry-bytes	1:LinuxX64	1:SystemV	0:Always	1:OpaqueBytes	5:ByteFragment				1:Returns	A:-8\nI:generated-tlci-image-entry\nA:+8\nR	4	20	113933877
LinuxObjectTlciMacroBytes	linux-object-tlci-macro-bytes	compiler_backend_object_target_linux.tl:compiler-backend-object-tlci-macro-entry-bytes	1:LinuxX64	1:SystemV	6:TlciMacroEntry	1:OpaqueBytes	5:ByteFragment				1:Returns	D:stack-argument-7\nA:-8\nI:generated-tlci-macro-entry\nA:+8\nR	5	34	1274541308
LinuxObjectExitBytes	linux-object-exit-bytes	compiler_backend_object_target_linux.tl:compiler-backend-object-exit-bytes	1:LinuxX64	1:SystemV	18:NativeEntry	1:OpaqueBytes	5:ByteFragment				3:TerminatesProcess	P:linux-exit-syscall	1	12	1533807520
WindowsObjectChkstkBytes	windows-object-chkstk-bytes	compiler_backend_object_target_windows.tl:compiler-backend-object-chkstk-bytes	2:WindowsX64	2:Win64	18:NativeEntry	1:OpaqueBytes	5:ByteFragment				1:Returns	S:rcx\nS:rax\nD:incoming-stack-probe-base\nB:chkstk-done\nB:chkstk-loop\nU:rax\nU:rcx\nR	8	46	550953089
WindowsObjectSetupPreGetcmdBytes	windows-object-setup-pre-getcmd-bytes	compiler_backend_object_target_windows.tl:compiler-backend-object-setup-pre-getcmd-bytes	2:WindowsX64	2:Win64	18:NativeEntry	1:OpaqueBytes	5:ByteFragment				0:FallsThrough	S:rbp\nS:rbx\nS:r12\nS:r13\nS:r14\nS:r15\nA:-40	7	17	1655936205
WindowsObjectSetupAfterGetcmdBytes	windows-object-setup-after-getcmd-bytes	compiler_backend_object_target_windows.tl:compiler-backend-object-setup-after-getcmd-bytes	2:WindowsX64	2:Win64	18:NativeEntry	1:OpaqueBytes	5:ByteFragment				0:FallsThrough	B:argv-cmdlen-loop\nA:-32	2	27	2005687839
WindowsObjectSetupAfterBoot1Bytes	windows-object-setup-after-boot1-bytes	compiler_backend_object_target_windows.tl:compiler-backend-object-setup-after-boot1-bytes	2:WindowsX64	2:Win64	18:NativeEntry	1:OpaqueBytes	5:ByteFragment				0:FallsThrough	A:+32\nB:argv-copy-loop\nA:-32	3	45	417189635
WindowsObjectSetupAfterBoot2Bytes	windows-object-setup-after-boot2-bytes	compiler_backend_object_target_windows.tl:compiler-backend-object-setup-after-boot2-pre-store-bytes	2:WindowsX64	2:Win64	18:NativeEntry	1:OpaqueBytes	5:ByteFragment				0:FallsThrough	A:+32\nB:argv-scan\nB:argv-token\nB:argv-quote\nB:argv-finish	5	108	1109680540
WindowsObjectSetupEpilogueBytes	windows-object-setup-epilogue-bytes	compiler_backend_object_target_windows.tl:compiler-backend-object-setup-epilogue-bytes	2:WindowsX64	2:Win64	18:NativeEntry	1:OpaqueBytes	5:ByteFragment				1:Returns	A:+40\nU:r15\nU:r14\nU:r13\nU:r12\nU:rbx\nU:rbp\nR	8	15	1240262209
WindowsObjectAddRdxRaxBytes	windows-object-add-rdx-rax-bytes	compiler_backend_object_target_windows.tl:compiler-backend-object-add-rdx-rax-bytes	2:WindowsX64	2:Win64	18:NativeEntry	1:OpaqueBytes	5:ByteFragment				0:FallsThrough		0	3	1253224
WindowsObjectRetBytes	windows-object-ret-bytes	compiler_backend_object_target_windows.tl:compiler-backend-object-ret-bytes	2:WindowsX64	2:Win64	18:NativeEntry	1:OpaqueBytes	5:ByteFragment				1:Returns	R	1	1	196
WindowsObjectTlciImageBytes	windows-object-tlci-image-bytes	compiler_backend_object_target_windows.tl:compiler-backend-object-tlci-entry-bytes	2:WindowsX64	2:Win64	0:Always	1:OpaqueBytes	5:ByteFragment				1:Returns	A:-40\nI:generated-tlci-image-entry\nA:+40\nR	4	20	218073427
WindowsObjectTlciMacroBytes	windows-object-tlci-macro-bytes	compiler_backend_object_target_windows.tl:compiler-backend-object-tlci-macro-entry-bytes	2:WindowsX64	2:Win64	6:TlciMacroEntry	1:OpaqueBytes	5:ByteFragment				1:Returns	D:stack-arguments-5-through-7\nA:-56\nW:outgoing-stack-arguments-5-and-6\nI:generated-tlci-macro-entry\nA:+56\nR	6	48	1264185272
WindowsObjectEntryGsClearBytes	windows-object-entry-gs-clear-bytes	compiler_backend_object_target_windows.tl:compiler-backend-object-entry-gs-clear-bytes	2:WindowsX64	2:Win64	18:NativeEntry	1:OpaqueBytes	5:ByteFragment				0:FallsThrough		0	13	1791231761
WindowsObjectConvertFiberArgsBytes	windows-object-convert-fiber-args-bytes	compiler_backend_object_target_windows.tl:compiler-backend-object-entry-convert-fiber-args-bytes	2:WindowsX64	2:Win64	18:NativeEntry	1:OpaqueBytes	5:ByteFragment				0:FallsThrough		0	2	6752
WindowsObjectCreateFiberArgsBytes	windows-object-create-fiber-args-bytes	compiler_backend_object_target_windows.tl:compiler-backend-object-entry-create-fiber-args-bytes	2:WindowsX64	2:Win64	18:NativeEntry	1:OpaqueBytes	5:ByteFragment				0:FallsThrough		0	16	520386363
WindowsObjectCreateFiberTailBytes	windows-object-create-fiber-tail-bytes	compiler_backend_object_target_windows.tl:compiler-backend-object-entry-create-fiber-tail-bytes	2:WindowsX64	2:Win64	18:NativeEntry	1:OpaqueBytes	5:ByteFragment				0:FallsThrough	W:CreateFiberEx-argument-5	1	12	301111843
WindowsObjectStackGuaranteeArgsBytes	windows-object-stack-guarantee-args-bytes	compiler_backend_object_target_windows.tl:compiler-backend-object-entry-stack-guarantee-args-bytes	2:WindowsX64	2:Win64	18:NativeEntry	1:OpaqueBytes	5:ByteFragment				0:FallsThrough	W:SetThreadStackGuarantee-size\nD:SetThreadStackGuarantee-size-address	2	13	1292925846
WindowsObjectStderrHandleArgsBytes	windows-object-stderr-handle-args-bytes	compiler_backend_object_target_windows.tl:compiler-backend-object-entry-stderr-handle-args-bytes	2:WindowsX64	2:Win64	18:NativeEntry	1:OpaqueBytes	5:ByteFragment				0:FallsThrough		0	5	1645103434
WindowsObjectWriteFailureTailBytes	windows-object-write-failure-tail-bytes	compiler_backend_object_target_windows.tl:compiler-backend-object-entry-write-failure-tail-bytes	2:WindowsX64	2:Win64	18:NativeEntry	1:OpaqueBytes	5:ByteFragment				0:FallsThrough	W:WriteFile-overlapped-null	1	18	504756112
WindowsObjectWriteOverflowTailBytes	windows-object-write-overflow-tail-bytes	compiler_backend_object_target_windows.tl:compiler-backend-object-entry-write-overflow-tail-bytes	2:WindowsX64	2:Win64	18:NativeEntry	1:OpaqueBytes	5:ByteFragment				0:FallsThrough	W:WriteFile-overlapped-null	1	18	88826013
WindowsObjectExit134ArgsBytes	windows-object-exit134-args-bytes	compiler_backend_object_target_windows.tl:compiler-backend-object-entry-exit-134-args-bytes	2:WindowsX64	2:Win64	18:NativeEntry	1:OpaqueBytes	5:ByteFragment				0:FallsThrough		0	5	1393403709
WindowsObjectOverflowFilterTestBytes	windows-object-overflow-filter-test-bytes	compiler_backend_object_target_windows.tl:compiler-backend-object-overflow-filter-test-bytes	2:WindowsX64	2:Win64	18:NativeEntry	1:OpaqueBytes	5:ByteFragment				0:FallsThrough		0	16	1461453645
WindowsObjectOverflowFilterReturnBytes	windows-object-overflow-filter-return-bytes	compiler_backend_object_target_windows.tl:compiler-backend-object-overflow-filter-return-bytes	2:WindowsX64	2:Win64	18:NativeEntry	1:OpaqueBytes	5:ByteFragment				1:Returns	A:+40\nR	2	7	2095962113
LinuxObjectTlciImageContribution	linux-object-tlci-image-contribution	compiler_backend_object_target.tl:compiler-backend-object-add-tlci-entry-runtime-text	1:LinuxX64	1:SystemV	0:Always	2:StructuredObject	2:TlciBridge	tl_tlci_call_image_entry		tl_tlci_call_image_entry:end	1:Returns	A:-8\nI:generated-tlci-image-entry\nA:+8\nR	4	-1	-1
LinuxObjectTlciMacroContribution	linux-object-tlci-macro-contribution	compiler_backend_object_target.tl:compiler-backend-object-add-tlci-entry-runtime-text	1:LinuxX64	1:SystemV	6:TlciMacroEntry	2:StructuredObject	2:TlciBridge	tl_tlci_call_macro_entry		tl_tlci_call_macro_entry:end	1:Returns	D:stack-argument-7\nA:-8\nI:generated-tlci-macro-entry\nA:+8\nR	5	-1	-1
LinuxObjectStartContribution	linux-object-start-contribution	compiler_backend_object_target_linux.tl:compiler-backend-object-add-entry	1:LinuxX64	1:SystemV	18:NativeEntry	2:StructuredObject	1:Startup	_tl_start		_tl_start:end	3:TerminatesProcess	C:main\nP:linux-exit-syscall	2	-1	-1
WindowsObjectTlciImageContribution	windows-object-tlci-image-contribution	compiler_backend_object_target.tl:compiler-backend-object-add-tlci-entry-runtime-text	2:WindowsX64	2:Win64	0:Always	2:StructuredObject	2:TlciBridge	tl_tlci_call_image_entry		tl_tlci_call_image_entry:end	1:Returns	A:-40\nI:generated-tlci-image-entry\nA:+40\nR	4	-1	-1
WindowsObjectTlciMacroContribution	windows-object-tlci-macro-contribution	compiler_backend_object_target.tl:compiler-backend-object-add-tlci-entry-runtime-text	2:WindowsX64	2:Win64	6:TlciMacroEntry	2:StructuredObject	2:TlciBridge	tl_tlci_call_macro_entry		tl_tlci_call_macro_entry:end	1:Returns	D:stack-arguments-5-through-7\nA:-56\nW:outgoing-stack-arguments-5-and-6\nI:generated-tlci-macro-entry\nA:+56\nR	6	-1	-1
WindowsObjectRuntimeSupportContribution	windows-object-runtime-support-contribution	compiler_backend_object_target_windows.tl:compiler-backend-object-add-runtime-text	2:WindowsX64	2:Win64	18:NativeEntry	2:StructuredObject	0:RuntimeFunctions	__chkstk	tl_setup_argv\n.L_tl_boot_alloc	.L_tl_boot_alloc:end	6:Mixed	S:chkstk-scratch\nD:incoming-stack-probe-base\nR\nS:setup-argv-nonvolatile-set\nA:-40\nC:GetCommandLineA\nC:.L_tl_boot_alloc\nC:.L_tl_boot_alloc\nA:+40\nU:setup-argv-nonvolatile-set\nR\nR	12	-1	-1
WindowsObjectStartContribution	windows-object-start-contribution	compiler_backend_object_target_windows.tl:compiler-backend-object-add-entry-text	2:WindowsX64	2:Win64	18:NativeEntry	2:StructuredObject	1:Startup	_tl_start	.L_tl_start_converted_to_fiber\n.L_tl_start_main_fiber_created\n.L_tl_main_stack_reservation_failed	.L_tl_start_end	4:SuspendsOrTerminates	A:-40\nC:tl_setup_argv\nC:SetUnhandledExceptionFilter\nC:ConvertThreadToFiber\nB:.L_tl_main_stack_reservation_failed\nC:CreateFiberEx\nB:.L_tl_main_stack_reservation_failed\nF:SwitchToFiber|unexpected-return=.L_tl_main_stack_reservation_failed\nB:.L_tl_main_stack_reservation_failed\nC:GetStdHandle\nC:WriteFile\nP:ExitProcess	12	-1	-1
WindowsObjectMainFiberContribution	windows-object-main-fiber-contribution	compiler_backend_object_target_windows.tl:compiler-backend-object-add-entry-text	2:WindowsX64	2:Win64	18:NativeEntry	2:StructuredObject	3:ExternalFiberCallback	.L_tl_main_fiber		.L_tl_main_fiber_end	3:TerminatesProcess	E:CreateFiberEx-fiber-procedure\nA:-40\nC:SetThreadStackGuarantee\nC:main\nP:ExitProcess	5	-1	-1
WindowsObjectOverflowFilterContribution	windows-object-overflow-filter-contribution	compiler_backend_object_target_windows.tl:compiler-backend-object-add-entry-text	2:WindowsX64	2:Win64	18:NativeEntry	2:StructuredObject	4:ExternalExceptionCallback	.L_tl_stack_overflow_filter	.L_tl_stack_overflow_write\n.L_tl_stack_overflow_continue_search	.L_tl_stack_overflow_filter_end	5:ReturnsOrTerminates	E:SetUnhandledExceptionFilter-callback\nA:-40\nB:.L_tl_stack_overflow_continue_search\nC:GetStdHandle\nC:WriteFile\nP:ExitProcess\nA:+40\nR	8	-1	-1
